gene;siControl 1-Cell;siControl 2-Cell_1;siControl 2-Cell_2;NfyaKD 2-Cell_1;NfyaKD 2-Cell_2;log2fc_2Cell vs. 1-Cell;log2fc_2-Cell_NfyaKD
0610005C13Rik;0;7,93;22,29;8,17;18,11;7,25;0,2
0610009D07Rik;6,69;38,4;137,55;47,03;109,36;3,7;0,17
0610010O12Rik;3,54;24,43;48,76;19,45;33,82;3,33;0,46
0610012G03Rik;3,03;7,47;95,86;10,55;93,61;4,05;-0,01
1110002L01Rik;0,04;2,35;1,62;3,54;2,54;3,91;-0,59
1110004F10Rik;6,77;28,94;42,63;34,79;39,53;2,39;-0,05
1110008F13Rik;5,82;6,67;76,65;6,96;70,94;2,82;0,1
1110017F19Rik;0,08;2,83;5,18;2,43;3,89;4,54;0,33
1110018J18Rik;0,08;4,05;9,39;5;7,58;5,27;0,09
1110034A24Rik;0,56;3,8;6,7;3,76;5,6;3,03;0,16
1110038B12Rik;3,18;29,41;18,64;28,45;23,38;2,88;-0,11
1190002F15Rik;0;1,31;1,05;0,12;0,95;3,68;1,02
1190002H23Rik;0,17;2,13;11,75;4,68;21,8;4,72;-0,92
1190003J15Rik;0,13;10,57;2,51;5,61;5,16;4,87;0,28
1500012F01Rik;2,35;36,78;51,24;43,9;48,84;4,17;-0,08
1600002K03Rik;0,8;4,32;4,96;11,44;5,71;2,39;-0,87
1600010M07Rik;0;13,87;45,13;13,4;47,07;8,21;-0,04
1600012H06Rik;0,13;3,7;6,08;5,81;8,18;4,45;-0,51
1600020E01Rik;0,79;13,24;33,55;14,95;23,3;4,72;0,29
1600025M17Rik;0;82,56;248,74;63,28;145,22;10,69;0,67
1700007K13Rik;0;0,97;1,71;0,95;1,87;3,85;-0,07
1700009P17Rik;0;1,28;2,99;2,73;1,7;4,49;-0,04
1700010D01Rik;1,23;16,95;38,85;18,45;30,35;4,39;0,19
1700011M02Rik;0;3,84;2,8;2,51;0,28;5,1;1,19
1700012B15Rik;0,14;6,8;21,62;7,57;33,98;5,92;-0,55
1700013H16Rik;0,06;17,38;107,07;10,11;36,31;8,62;1,42
1700014N06Rik;0;1,73;0,46;0,36;0,35;3,58;1,42
1700018C11Rik;0;0,58;5,58;0,38;0,13;4,99;3,18
1700019B21Rik;0,31;7,61;6,17;7,64;5,94;4,1;0,02
1700019E08Rik;0;3,34;1,14;2,05;0;4,55;1,06
1700019L03Rik;0;1,11;1,32;1,12;1,75;3,71;-0,22
1700019M22Rik;0;1,24;1,73;1,33;1,34;3,98;0,14
1700019N12Rik;0;7,36;16,38;6,15;13,41;6,9;0,28
1700024F13Rik;0,39;5,6;7,83;3,6;3,32;3,81;0,94
1700027A15Rik;0;1,96;17,4;0,98;19,46;6,61;-0,08
1700030L20Rik;3,95;482,98;613,8;456,93;427,35;7,08;0,31
1700034F02Rik;0,15;5,77;11,09;6,16;7,97;5,09;0,25
1700034H15Rik;0,06;1,27;2,01;1,49;1,06;3,47;0,33
1700054O13Rik;0;1,42;1,27;2,03;1,02;3,86;-0,17
1700061G19Rik;0;1,02;1,44;1;1,66;3,73;-0,1
1700065I17Rik;0;0;5,78;1,11;6,8;4,9;-0,44
1700065O20Rik;0;3,78;7,2;2,65;2,85;5,8;0,97
1700069L16Rik;0,6;14,87;42,81;12,75;28,78;5,37;0,47
1700080O16Rik;0;3,33;0,85;7,85;7,58;4,45;-1,83
1700086L19Rik;0,48;7,14;12;3,02;5,11;4,05;1,21
1700092M07Rik;0,35;5,55;4,64;5,71;2,45;3,52;0,31
1700102H20Rik;0;1,64;2,05;3,21;3,09;4,28;-0,74
1700123O20Rik;0,87;5,74;8,7;6,48;7,66;2,91;0,03
1810007I06Rik;0;0;3,25;0,36;2,45;4,1;0,19
1810014F10Rik;0;3,12;4,64;3,16;2,53;5,31;0,43
1810020D17Rik;3,36;9,5;26,29;8,93;27,09;2,38;-0,01
1810026B05Rik;0,13;1,8;3,08;1,58;2,24;3,47;0,34
1810027O10Rik;0,27;9,92;21,08;7,35;9,9;5,4;0,84
1810032O08Rik;0,09;18,47;23,68;19,74;29,09;6,8;-0,21
1810044D09Rik;0,22;2,58;1,77;1,74;2,13;2,85;0,16
1810049H13Rik;0;1,03;3,07;1,45;4,09;4,43;-0,42
1810063B05Rik;3,52;16,87;47,24;18,44;52,54;3,15;-0,15
2010005H15Rik;1,31;3,36;16,09;3,57;2,22;2,8;1,72
2010015L04Rik;0,18;1,15;1,64;1,4;0,83;2,39;0,29
2010107H07Rik;1,86;16,73;19,61;22,12;31,95;3,22;-0,57
2010204K13Rik;0,35;2,62;2,86;2,05;2,95;2,66;0,13
2010308F09Rik;0,23;0,34;9,89;2,66;10,13;3,99;-0,32
2010317E24Rik;0,24;3,86;7,97;1,33;2;4,14;1,77
2010320M18Rik;1,32;12,82;7,79;14,36;10,93;2,87;-0,29
2200002D01Rik;0;1,65;3,12;2,94;3,76;4,64;-0,47
2210016L21Rik;0,37;9,41;4,22;7,55;6,93;3,88;-0,09
2210414B05Rik;0;0,07;5,03;1,76;2,99;4,73;0,1
2310002J15Rik;0;0,7;1,78;0,23;1,13;3,74;0,78
2310002L13Rik;0;0,13;2,85;0;0,63;3,99;1,92
2310003L22Rik;0,6;8,37;24,3;8,71;17,35;4,54;0,32
2310039L15Rik;0,68;103;141,89;99,66;94,52;7,29;0,33
2310040G24Rik;0;13,46;127,82;20,98;64,91;9,47;0,72
2310047M10Rik;0,04;2,52;1,64;1,19;0,77;3,99;1,01
2410002F23Rik;0,4;4,32;4,9;4,09;5,78;3,24;-0,09
2410004I01Rik;0,32;3,32;1,95;2,74;2,35;2,72;0,05
2410004N09Rik;0,8;7,61;17,29;5,71;11,67;3,8;0,51
2410016O06Rik;0;2,16;4,67;2,26;2,83;5,14;0,41
2410075B13Rik;0,32;2,9;2,51;3,01;2,19;2,74;0,06
2510002D24Rik;0;1,94;4,02;1,35;2,28;4,94;0,68
2510039O18Rik;0,23;2,75;2,08;3,03;2,49;2,92;-0,18
2610002I17Rik;0,76;10,68;22,85;12,31;21,76;4,29;-0,02
2610008E11Rik;0,09;0,8;1,56;0,39;1,04;2,77;0,66
2610019E17Rik;0;13,34;33,19;13,09;23,07;7,87;0,36
2610020C07Rik;0,45;2,53;5,75;3,28;4,75;2,94;0,04
2610027L16Rik;0,49;3,78;7,72;4,55;7,11;3,32;-0,02
2610028H24Rik;0;0,96;1,24;1,14;0,94;3,58;0,07
2610029G23Rik;2,7;21,72;59,26;31,78;52,81;3,86;-0,06
2610206C17Rik;0;2,19;12,23;2,46;8,45;6,19;0,39
2610318N02Rik;0;30,5;33,56;8,97;8;8,33;1,9
2700023E23Rik;0;8,95;30,14;11,87;31,48;7,62;-0,15
2700038G22Rik;0,25;5,73;13,41;3,76;6,66;4,77;0,86
2700070H01Rik;0;0,95;2,26;2,33;1,36;4,09;-0,2
2700094K13Rik;5,9;20,66;45,13;19,35;40,91;2,46;0,13
2810001G20Rik;1,36;7,41;8,89;7,02;7,35;2,49;0,18
2810008D09Rik;0,3;13,65;49,12;25,23;86,62;6,29;-0,83
2810021B07Rik;0,12;4,18;5,3;4,27;4,84;4,46;0,05
2810047C21Rik1;0,08;7,64;1,18;8,97;1,1;4,63;-0,19
2810055F11Rik;0,08;1,35;0,68;0,87;0,86;2,65;0,22
2810405K02Rik;0,51;5,61;1,6;2,94;2,03;2,6;0,52
2810417H13Rik;0,05;3,15;3,56;0,44;0,48;4,49;2,63
2810429I04Rik;1,26;8,4;11,93;6,85;6,57;2,91;0,59
2810459M11Rik;0;3,14;1,16;4,17;1,75;4,49;-0,44
2900002K06Rik;0,09;3,37;4;6,74;10,85;4,29;-1,24
2900079G21Rik;0,06;0,46;3,28;0,59;1,8;3,59;0,61
2900093L17Rik;0;0,66;4,79;2,14;4,91;4,82;-0,36
3100003L05Rik;0;0,68;1,39;1,44;1,81;3,51;-0,59
3110003A17Rik;0,2;4,87;4,53;5,21;2,15;4,01;0,34
3110056K07Rik;0,16;6,25;22,93;6,09;20,15;5,82;0,15
3830403N18Rik;0;0,38;1,85;0,43;0,58;3,61;1,02
4632415L05Rik;0,05;1,96;1,06;2,44;0,77;3,47;-0,09
4632427E13Rik;0,26;13,99;11,74;10,32;7,02;5,18;0,56
4732471D19Rik;0,91;7,49;8,25;9,19;6,2;2,98;0,03
4831440E17Rik;0,04;1,29;0,87;1,48;1,12;3,08;-0,25
4833424O15Rik;0,24;0,77;5,16;0,6;3,32;3,15;0,57
4921508A21Rik;0,04;2,03;8,73;1,45;4,2;5,32;0,91
4930428E23Rik;0,48;1,53;5,02;2,11;6,53;2,54;-0,39
4930430J02Rik;0;0,19;9,05;1,11;7,45;5,56;0,11
4930444P10Rik;0;2,18;1,24;4,71;3,92;4,18;-1,29
4930447C04Rik;0,1;6,81;6,15;8,23;7,94;5,01;-0,31
4930451C15Rik;0,03;1,14;1,09;1,7;1,09;3,22;-0,3
4930455D15Rik;0,08;0,81;1,72;0,8;1,7;2,89;0,01
4930479M11Rik;0;4,25;2,27;3,64;3,05;5,07;-0,04
4930500L23Rik;0,33;1,41;6,43;1,95;10,27;3,22;-0,63
4930544O15Rik;0;0,29;1,91;1;1,06;3,58;0,09
4930547E08Rik;0,36;13,16;18,84;20,16;20,24;5,13;-0,33
4930548H24Rik;2,56;9,66;19,71;7,53;21,76;2,48;0
4930579C15Rik;0;1,04;1,38;0,64;2,17;3,71;-0,2
4930579F01Rik;0,04;0,76;3,92;1,32;3,48;4,1;-0,04
4930579G24Rik;0,6;7,08;9,43;5,69;5,62;3,57;0,54
4930583H14Rik;0;4,08;5,92;7,68;4,38;5,67;-0,27
4932411N23Rik;0,06;1,02;1,01;0,67;0,84;2,84;0,37
4933401D09Rik;0,11;3,56;8,66;2,87;5,38;4,92;0,56
4933404O12Rik;0,06;1,4;1,41;1,81;2,63;3,22;-0,62
4933406J08Rik;0,03;11,89;18,69;13,62;16,58;6,88;0,02
4933408B17Rik;0,08;0,82;3,38;1,16;2,67;3,6;0,12
4933409K07Rik;0,93;21,48;17,28;15,32;9,15;4,24;0,66
4933411G11Rik;0,12;9,44;39,02;10,26;25,43;6,79;0,44
4933417D19Rik;0,12;2,94;1,56;1,74;1,54;3,45;0,43
4933421O10Rik;0,1;0,87;1,6;1,43;1,47;2,76;-0,22
4933426D04Rik;0,08;0,74;4,03;0,89;4,56;3,82;-0,19
4933430M04Rik;0;0,25;4,64;0,24;3,62;4,67;0,32
4933433G15Rik;0;2,01;2,2;1,19;0,43;4,47;1,28
4933433P14Rik;0,59;1,38;5,7;1,77;4,47;2,39;0,18
5330426P16Rik;0;4,96;6,88;6,78;7,65;5,91;-0,28
5430416N02Rik;0,43;15,24;15,3;27,19;18,03;4,87;-0,56
5730408K05Rik;0,69;6,46;25,47;7,6;18,09;4,35;0,31
5730508B09Rik;0,08;0,54;1,52;0,93;1;2,62;0,08
5830433M19Rik;0,25;2,5;6,37;3,84;6,4;3,71;-0,2
6030408B16Rik;0,13;1,63;4,69;2,33;4,6;3,8;-0,13
6230400D17Rik;0;0,8;3,47;1,23;3,45;4,49;-0,12
6230427J02Rik;0,07;2,44;23,74;2,03;12,19;6,28;0,87
6430527G18Rik;0,06;1,7;1,09;0,98;0,58;3,22;0,76
6430548G04;0,89;3,19;8,78;3,79;6,98;2,62;0,15
9030624G23Rik;0,68;5,75;12,48;4,47;10,37;3,55;0,29
9130008F23Rik;0;2,64;4,45;2,26;2,39;5,19;0,59
9130227L01Rik;0,69;1,79;10,35;1,83;8,92;2,96;0,17
9330159M07Rik;0,37;9,33;19,84;9,09;16,84;4,95;0,17
9430008C03Rik;0;3,01;6,99;5,64;6,49;5,67;-0,27
9430016H08Rik;0,26;6,4;2,55;7,68;5,85;3,65;-0,58
9430037G07Rik;0,16;1,33;3,7;1,64;3,03;3,34;0,1
9530077C05Rik;0,12;1,4;2,72;2,93;1,91;3,29;-0,22
A230072C01Rik;1,94;10,5;13,41;10,78;12,69;2,57;0,03
A330049M08Rik;0,33;2,45;7,09;2,68;6,9;3,49;-0,01
A330069E16Rik;0,43;1,88;4,9;2,6;3,94;2,71;0,05
A430078G23Rik;0,43;7,22;9,35;6,49;4,03;4;0,64
A430084P05Rik;0,14;2,4;1,09;4,46;4,35;2,94;-1,29
A430089I19Rik;1,08;15,07;24,26;21,24;15,84;4,07;0,08
A530032D15Rik;4,85;35,26;84,38;39,14;66,58;3,6;0,18
A630001G21Rik;0;2,42;6,54;2,8;7,11;5,52;-0,14
A630072M18Rik;0,38;4,65;16,78;3,75;15,07;4,48;0,18
A830080D01Rik;0,52;19,99;17,9;20,96;17,87;4,94;-0,03
AA415398;3,96;22,01;103,94;28,37;128,47;3,96;-0,32
Aacs;0,3;3,44;5,88;3,58;4,76;3,58;0,16
Abca6;0,05;3,35;0,24;3,93;1,48;3,68;-0,57
Abhd14b;0;2,19;2,78;3,28;1,93;4,69;-0,07
Abo;0;1,43;1,41;1,73;0,26;3,93;0,47
Abpg;0;0,28;2,14;0,82;2,03;3,71;-0,21
Abt1;2,58;18,04;33,79;17,44;29,88;3,28;0,13
Acaa1a;0,04;2,36;0,97;1,53;0,79;3,67;0,48
Acad8;0,02;1,38;1,63;1,85;1,34;3,72;-0,08
Acot8;2;3,94;18,02;4,23;20,68;2,4;-0,18
Acrbp;0;3,44;2,7;4,84;3,5;4,99;-0,43
Actn2;0;1,65;1,86;2,13;1,82;4,21;-0,17
Actr5;0,11;2,76;5,85;3,68;5,55;4,4;-0,1
Acy1;0,24;4,69;2,09;5,31;5,05;3,36;-0,6
Acyp1;1,22;10,22;14,52;12,81;16,58;3,24;-0,25
Adck5;0,1;1,09;1,37;1,35;1,18;2,76;-0,03
Adcy2;0,69;2,12;12,05;2,29;11,66;3,19;0,02
Adi1;1,2;15,5;66,18;21,34;55,4;4,97;0,09
Adm;0,1;13,95;12,16;12,99;9,15;6,04;0,24
Adnp;0,2;5,46;5,86;4,78;4,78;4,26;0,24
Adrb2;0,06;2,07;1,5;1,63;0,51;3,55;0,68
Adsl;1,21;24,18;31,14;26,13;29,21;4,41;0
Agmat;0;2,55;6,06;3,08;5,95;5,46;-0,07
Agr2;0;2,89;1,32;1,1;2,66;4,47;0,16
Agrp;0,13;3,34;4,2;3,76;5,58;4,07;-0,3
AI462493;0,28;13,31;40,39;27,09;36,87;6,13;-0,25
AI464131;0,01;7,28;5,86;6,58;4,82;5,86;0,2
AI506816;0,13;2,12;3,42;0,82;1,81;3,63;1,02
AI597468;0,9;5,1;9,06;3,98;5,44;2,84;0,58
AI661453;0,09;1,71;1,04;1,12;0,7;3;0,55
AI662270;0,15;3,64;0,85;0,25;0,1;3,24;3,12
Ajap1;0,02;4,58;12,73;3,11;15,25;6,18;-0,08
AK010878;3,61;61,54;175,85;69,09;127,03;5;0,28
Akirin1;1,25;8,51;22,51;8,13;26,02;3,53;-0,14
Alg5;0,47;4,26;5,2;5,93;4,57;3,09;-0,15
Alkbh4;0,43;7,64;7,09;7,18;3,14;3,82;0,51
Alppl2;0,56;55,77;157,43;52,73;189;7,35;-0,18
Alyref;2,55;18,7;173,77;20,93;124,27;5,18;0,41
Amhr2;0;5,09;6,47;4,62;7,23;5,88;-0,04
Amn;0;1,22;2,62;1,43;1,85;4,34;0,22
Ang;0;2,05;0,33;2,5;0,4;3,69;-0,26
Ankrd10;0,57;25,16;55,71;26,48;67,19;5,92;-0,21
Ankrd22;0,65;8,29;42,98;11,35;39,3;5,11;0,02
Ankrd35;0,09;1,78;2,87;2,73;2,57;3,67;-0,18
Ankrd54;0,77;3,38;7,6;2,25;2,75;2,68;1,1
Antxr1;0,61;5,55;7,03;6,67;6,5;3,16;-0,07
Ap4b1;1,01;5,89;8,15;4,23;6,99;2,68;0,32
Ap4m1;0,16;3,19;5,25;1,69;1,97;4,08;1,16
Apoa2;0;2,43;0,94;1,82;1,32;4,16;0,1
Apoa5;0;1,52;1,1;1,25;1,24;3,82;0,07
Apoc1;0,27;7,28;1,34;13,33;4,3;3,57;-1,02
Apoc2;0,98;7,58;21,35;14,46;43,29;3,75;-0,99
Apoe;1,24;9,95;7,42;12,04;6,77;2,71;-0,12
Apol7b;0;4,77;11,78;5,93;13,89;6,39;-0,26
Apol7e;0;2,88;7,79;3,89;8,59;5,76;-0,22
Apom;0;28,22;42,83;31,39;35,1;8,48;0,1
Apoo-ps;0;0;12,4;0;3,59;5,95;1,74
Aprt;1,8;28,35;71,13;25,77;111,44;4,72;-0,46
Aqp11;0,26;3,09;2,69;5,09;6,76;3,04;-1,01
Arf2;1,13;11,16;20,38;10,3;15,3;3,69;0,3
Arf5;7,5;17,22;65,84;14,68;58,51;2,45;0,18
Arfgap2;0,39;2,78;4,33;1,37;0,72;2,9;1,68
Arfrp1;1,14;11,71;19,86;13,28;22,82;3,67;-0,19
Arg1;0;14,91;35,95;12,62;15,16;8;0,87
Arhgap8;0,13;2,59;18,47;2,84;25,74;5,5;-0,44
Arhgdig;0,07;2,52;2,12;1,53;3,83;3,82;-0,2
Arhgef19;0,02;0,88;1,8;0,68;1,73;3,6;0,15
Arid3c;0,27;4,11;2,43;5,39;1,96;3,2;-0,17
Arih2;1,97;7,92;15,38;9,92;14,2;2,5;-0,05
Arl14;0;1,83;5,17;1;4,3;5,17;0,39
Arl16;0,58;5,82;3,46;4,12;2,31;2,8;0,52
Arl2bp;1,28;8,95;17,02;9,81;13,5;3,24;0,15
Arl4d;1,2;11,24;29,9;10,95;24,34;3,99;0,22
Arrdc3;0,91;10,61;19,46;9,17;8,31;3,91;0,78
Arrdc4;0,1;2,83;4,41;1,7;2,56;4,25;0,74
Asb6;0,09;1,83;1,04;1,02;1,47;2,99;0,19
Ascl1;0,03;3,24;0,28;4,15;0,26;3,85;-0,31
Ascl2;0;0,94;1,75;1,6;1,62;3,86;-0,24
Asl;0;10,25;9,51;12,41;11,43;6,64;-0,27
Asna1;7,67;18;65,14;17,2;27,87;2,42;0,88
Atcay;0,02;2,02;1,31;2,13;2,55;3,91;-0,47
Atp1b2;0;1,55;0,84;1,82;1,01;3,7;-0,23
Atp5g1;35,26;243,54;703,97;213,34;642,02;3,74;0,15
Atp5g3;17,39;39,56;200,24;38,54;170;2,78;0,2
Atp5o;5,15;59,4;83,21;85,54;105,15;3,77;-0,42
Atp6ap2;5,66;17,26;47,43;20,13;38,62;2,49;0,14
Atp6v1c2;0,99;5,12;6,99;7,76;4,54;2,5;-0,02
Atpif1;25,25;89,45;249,83;90,69;237,04;2,74;0,05
Atxn10;0,4;2,8;6,85;3,76;8,9;3,31;-0,38
Atxn7l3;0,05;3,88;2,45;3,36;2,96;4,44;0
AU015228;2,03;72,57;135,55;71,84;108,55;5,61;0,21
AU018829;0,76;6,25;8,49;6,2;8,76;3,12;-0,02
AU019990;3,62;5,61;32,19;7,81;23,27;2,35;0,28
AU022252;0,43;3,29;8,44;3,99;5,93;3,51;0,24
AV320801;0;1,35;2,07;2,31;3,03;4,18;-0,61
AY761184;0,2;0,92;6,73;2,26;9,34;3,69;-0,59
B020004C17Rik;0,13;164,23;582,92;209,88;441,8;10,64;0,2
B020004J07Rik;0,2;60,56;148,56;62,24;102,83;8,45;0,34
B2m;8,92;25,49;86,06;24,88;49,56;2,63;0,58
B3galt4;0,17;1,64;2,72;1,33;2;3,07;0,37
B4galnt2;0,54;5,16;10,98;6,61;13,3;3,66;-0,3
B4galt1;0,2;1,99;1,01;2,46;0,76;2,4;-0,1
B4galt3;0,53;7,92;26,96;7,34;24,65;4,81;0,12
B930059L03Rik;0,05;0,96;1,15;0,91;1,49;2,92;-0,16
Bag1;2,89;20,84;110,07;24,51;87,83;4,45;0,22
Bag3;0,02;5,83;4,12;5,83;3,93;5,35;0,03
Bag5;4,49;24,04;27,12;25,22;28,81;2,48;-0,08
Bambi;0,08;4,55;10,09;4,48;10,61;5,33;-0,04
Bambi-ps1;0,29;3,95;3,27;4,3;1,62;3,24;0,28
BB287469;0,29;23,04;38,03;24,52;21,58;6,3;0,4
BC003965;0,21;3,7;5,92;4;7,85;3,99;-0,29
BC024659;0,49;2,13;9,76;2,04;8,21;3,35;0,21
BC026585;0,11;0,94;3,62;1,52;1,35;3,51;0,63
BC027231;1,17;16,05;20,82;18,5;24,24;3,87;-0,21
BC028528;0;26,58;31,2;27,56;21,93;8,18;0,22
BC033916;0,3;9,33;37,57;10,68;36,7;5,89;-0,01
BC048507;0;0,91;1,38;0,34;1,06;3,64;0,64
BC048562;0,25;2,13;1,93;1,46;0,49;2,61;0,99
BC049762;0;2,69;0,43;5,28;2,26;4,05;-1,22
BC053393;0,03;1,97;1,21;2,97;1,43;3,68;-0,44
BC061212;0,34;3,98;7,56;5,87;4,25;3,74;0,19
BC080695;0,09;13,34;26,56;14,18;17,08;6,7;0,35
Bcl2l14;0;10,44;15,47;8,44;12,03;7,03;0,34
Bend3;0,3;3,05;2,37;2,82;3,01;2,81;-0,1
Bex1;0,36;35,21;43,83;38,19;82,51;6,43;-0,61
Bex2;0;10,02;4,06;8,08;10,12;6,16;-0,37
Bex4;0,52;5,95;3,56;7,58;11,75;2,98;-1,01
Bex6;0;15,64;92,34;27,95;64,67;9,08;0,22
Bhlhb9;0,14;5,18;3,46;3,72;3,61;4,23;0,23
Bhmt;0,03;3,31;2,75;3,39;2;4,57;0,17
Bhmt2;0;4,3;3,05;3,63;2,23;5,24;0,32
Bid;0,24;5,08;3,41;6,14;4,12;3,66;-0,27
Blnk;0;2,45;7,2;0,43;0,46;5,62;3,16
Blvrb;0,09;4,45;6,13;5,36;5,88;4,83;-0,09
Bmyc;0,19;5,25;6,22;9,41;4,44;4,34;-0,27
Bnipl;0;0,82;2,12;0,67;0,86;3,97;0,85
Bok;0,1;2,02;0,67;1,49;1,05;2,88;0,07
Bola1;4,1;31,97;126,5;34,63;106,61;4,24;0,17
Bola2;11,33;66,83;251,89;58,98;241,2;3,8;0,09
Bri3bp;0,05;2,25;2,37;1,76;2,7;3,99;0,05
Brp44;15,11;78,75;220,79;84,27;229,14;3,3;-0,07
Btbd19;0,3;5,29;9,11;5,19;12,63;4,2;-0,3
Btg1;2,09;22,35;9,44;21,97;18,56;2,87;-0,35
Bzw1;36,43;135,43;285,06;155,1;282,37;2,53;-0,06
C130026I21Rik;4,54;98,72;236,45;90,62;180,36;5,17;0,31
C130060C02Rik;0,12;1,02;1,12;3,33;2,95;2,38;-1,47
C130074G19Rik;0,02;2,03;3,68;1,66;4,99;4,6;-0,21
C1d;1,67;24,98;173,54;33,22;118,06;5,81;0,39
C1qbp;11,4;23,96;162,48;28,58;174,38;3,02;-0,12
C1qtnf4;0,05;0,57;6,52;1,12;9,43;4,6;-0,56
C2cd2l;0,06;1,53;0,6;1,12;0,44;2,89;0,4
C2cd4b;0,21;1,1;4,78;0,46;2,39;3,29;0,99
C330005M16Rik;0,03;2;2,36;1,11;1,29;4,09;0,81
Cacnb1;0;1,2;2,43;0,88;1,82;4,26;0,4
Cacybp;2;17,25;32,26;22,11;32,9;3,56;-0,15
Calcoco2;0,39;49,62;89,7;50,06;78,78;7,15;0,11
Calcrl;0,05;1,08;1,06;0,94;0,73;2,95;0,32
Calm3;2,23;8,58;15,85;7,8;15,19;2,4;0,09
Calml4;0;5,37;7,31;4,93;1,71;6,01;0,91
Capn11;0,1;0,74;1,57;1,3;3,27;2,66;-0,92
Capsl;0,72;3,42;12,49;8,18;17,12;3,29;-0,66
Car6;0,15;2,13;2;2,76;1,86;3,1;-0,16
Cars2;0,75;5,45;8,59;7,32;10,71;3,06;-0,36
Casc3;0,6;2,74;5,49;3,09;5,74;2,6;-0,1
Casp3;2,59;16,77;41,52;14,24;25,72;3,44;0,54
Casp6;0,9;7,29;8,8;6,14;6,03;3,03;0,4
Catsperg1;0,02;1,74;0,72;2,61;0,83;3,5;-0,45
Cbln1;1,19;7,28;7,57;6,09;6,62;2,55;0,22
Cbs;0,13;1,26;1,18;0,98;0,51;2,49;0,64
Cbwd1;2,43;24,17;38,28;27,47;29,1;3,63;0,14
Ccdc125;0;5,71;6,98;4,71;5,1;6,01;0,37
Ccdc126;0,14;12,18;24,3;13,46;33,39;6,24;-0,36
Ccdc134;0,32;4,27;4,78;3,58;3,99;3,46;0,25
Ccdc137;0,12;6,71;6,33;7,17;9,21;4,94;-0,32
Ccdc160;0;5,08;2,77;4,89;4,56;5,33;-0,26
Cchcr1;0;4,18;2,38;4,26;4,29;5,08;-0,37
Ccl17;0;0,73;2,41;1,15;0,97;4,06;0,53
Ccnd1;0,7;8,85;3,76;8,33;2,25;2,99;0,25
Ccne1;2,12;67,72;138,97;57,18;129,39;5,54;0,15
Ccnjl;0,02;16,96;13,44;25,75;16,38;6,95;-0,47
Ccr8;0,06;0,56;1,84;0,46;1,29;3;0,41
Ccs;0,42;2,97;8,22;4,7;5,44;3,46;0,14
Cct6a;0,54;38,43;53,77;33,14;47,87;6,17;0,19
Cct6b;0,23;1,92;4,97;3,98;4,4;3,45;-0,27
Cd14;0;1,71;0,75;1,58;1,27;3,73;-0,19
Cd200r1;0;0,47;1,66;0,8;0,69;3,55;0,48
Cd209c;4,03;12,19;34,85;13,47;21,5;2,51;0,43
Cd24a;0,15;31,4;39,87;31,24;36;7,18;0,08
Cd52;0;8,21;11,99;9,99;8,24;6,67;0,15
Cd63;0,43;133,15;374,02;107,51;330,3;8,91;0,21
Cd74;0,06;8,85;11,23;2,25;1,73;6;2,28
Cd79a;0;1,54;1,04;0,85;0,31;3,8;1,03
Cd80;0,08;1,74;1,26;1,71;1,21;3,16;0,04
Cda;0;5,68;4,85;3,55;3,61;5,75;0,55
Cdan1;0,31;2,7;2,1;1,76;2,28;2,6;0,24
Cdc25c;2,37;65,57;100,6;58,58;66,42;5,07;0,41
Cdc42ep4;0,04;2,96;1,25;3,14;1,62;3,94;-0,17
Cdc42ep5;0,18;1,49;1,63;1,26;0,89;2,57;0,49
Cdc5l;13,37;178,65;417,01;219,32;339,91;4,47;0,09
Cdk2ap1;4,52;172,82;595,6;195,52;485,87;6,38;0,17
Cdk5r1;0,09;1,98;1,04;1,93;0,71;3,09;0,18
Cdk9;2,75;11,83;21,97;12,82;18,67;2,58;0,1
Cdkn1a;1,87;19,02;50,62;13,48;26,34;4,15;0,8
Cdkn2c;1,05;7,14;16,99;7,63;7,42;3,4;0,67
Cdkn2d;0,72;10,02;26,6;7,95;13,79;4,49;0,75
Cdkn3;0,52;12,64;18,08;17,72;18,06;4,63;-0,22
Cdrt4;0;4,49;0,57;0,68;1,25;4,72;1,3
Ceacam1;0,64;1,9;9,12;2,25;8,48;2,92;0,04
Celf4;0,16;2,48;0,04;2,32;0,35;2,41;-0,08
Cenpl;2,31;14,99;27,17;13,58;20,25;3,14;0,32
Cep97;0,52;17,21;32,25;19,12;17,1;5,31;0,45
Ces4a;0;2,35;0,35;0,99;0,71;3,86;0,61
Cetn1;0;5,56;0,86;7,67;2,5;5,05;-0,65
Cfh;0,08;0,38;2,13;0,68;1,02;2,88;0,52
Cga;0;2,02;3,23;2,35;4,99;4,77;-0,47
Cggbp1;1,03;26,71;88,8;20,26;43,16;5,68;0,86
Chaf1b;3,17;19,35;20,27;14,5;12,77;2,61;0,54
Chchd10;0,4;27,45;86,98;46,59;78,35;6,84;-0,13
Chchd2;54,55;95,62;469,35;102,24;442,57;2,37;0,05
Chchd4;0,11;6,73;4,57;9,86;6,02;4,75;-0,48
Chek2;0,52;11,55;16,92;11,16;18,01;4,53;-0,04
Chit1;0,51;3,14;17,38;4,4;10,19;4,09;0,49
Chka;0,6;22,75;77,07;22,84;57,74;6,16;0,31
Chmp4b;1,09;3,56;15,31;3,99;14,34;3;0,04
Chrac1;1,2;6,34;18,58;10,41;11,48;3,28;0,18
Chrdl2;0;1,21;0,92;0,89;0,67;3,55;0,41
Chrna9;0;2,5;0,56;2,05;1,14;4,03;-0,05
Chrne;0;2,49;6,46;2;5,77;5,51;0,2
Chst12;2,42;10,97;14,2;11,75;21,41;2,33;-0,39
Ciita;0;1,13;1,32;1,74;1,3;3,73;-0,28
Cited1;0,54;42,63;76,02;41,32;80,4;6,54;-0,04
Ckmt1;0;2,87;1,29;3,07;0,68;4,45;0,15
Cldn3;0,06;3,81;1,79;1,77;0,17;4,22;1,44
Cldn6;0,05;7,77;12,8;7,76;14,36;6,16;-0,1
Clic1;0,31;4,83;1,88;3,87;2,52;3,08;0,07
Clk4;1,75;17,6;25,25;21,22;27,49;3,54;-0,18
Cln8;0,1;1,75;0,36;1,41;0,74;2,5;-0,04
Clp1;0,73;79,8;152,34;81,95;107,21;7,14;0,3
Clpp;1,42;17,15;17,29;20,34;24,13;3,51;-0,37
Clps;0,21;1,57;1,38;0,77;5,39;2,34;-1,02
Clu;0,04;10,68;14,33;14,81;10,99;6,53;-0,04
Cmah;0,18;2,73;2,79;1,21;1,24;3,36;1,12
Cndp2;0,48;4,3;7,15;6,31;5,59;3,33;-0,06
Cnn2;0,22;5,63;1,07;4,2;1,41;3,41;0,25
Cnnm3;0,04;1,5;1,03;1,14;1,18;3,33;0,11
Coch;0;2,24;0,49;1,27;0,46;3,88;0,6
Commd7;0,78;11,33;19,34;13,49;17,69;4,14;-0,02
Coq4;1,35;9,75;12,89;10,2;10,18;2,97;0,15
Coro1a;0;2,54;3,3;2,71;3,73;4,92;-0,14
Cox11;0,66;2,85;5,39;3,43;8,37;2,48;-0,51
Cox6b2;113,34;200,47;997,95;235,76;945,38;2,4;0,02
Cox7a1;0;5,77;12,32;4,24;7,62;6,51;0,6
Cox7b;5,36;31,96;138,09;34,53;145,03;3,96;-0,08
Cox7c;4,24;77,76;122,92;84,74;129,24;4,53;-0,09
Cox8c;0,45;1,51;6,8;4,77;1,99;2,96;0,29
Cpa4;0;1,05;1,02;1,56;1,29;3,5;-0,44
Cpeb2;0,24;2,05;1,88;2,21;1,18;2,61;0,21
Cpne8;0,54;24,89;17,24;17,16;11,55;5,04;0,55
Cpsf7;0,1;1,04;1,16;1,14;1;2,56;0,04
Cpt1a;0,01;3,61;1,55;2,5;0,87;4,55;0,59
Cpxcr1;0;0,25;2,65;0,87;1,34;3,95;0,36
Crabp1;0,22;11,91;5,11;11,61;13,77;4,74;-0,57
Creb3;0,43;10,84;8,47;10,99;11,24;4,21;-0,2
Crebl2;0,1;2,08;0,95;2,39;1,07;3,01;-0,18
Creld1;0,16;1,21;2,27;1,63;3,92;2,82;-0,65
Crip1;0;28,47;17,98;16,65;27,17;7,87;0,08
Crxos1;0,51;177,35;1008,31;260,05;1000,76;9,92;-0,09
Csrnp1;0,53;5,77;4,92;5,95;3,34;3,12;0,2
Cst6;0,02;3,37;2,66;3,5;3,63;4,75;-0,23
Cst7;0,23;21,32;79,08;37,94;106,36;7,26;-0,52
Cst9;0;10,51;40,47;7,12;60,13;8;-0,4
Cstb;5,44;67,11;168,8;75,4;155,44;4,41;0,03
Cstf2t;5,58;27,33;33,22;35,67;22,48;2,42;0,06
Ctcfl;1,31;7,91;9,63;10,05;12,09;2,66;-0,33
Ctf2;0,94;3,52;13,25;3,96;15,4;3,03;-0,2
Cthrc1;0,49;5,91;4,3;4,31;3,48;3,13;0,38
Ctla2b;0;4,75;1,4;3,24;1,83;4,99;0,27
Ctrb1;0;4,31;13,01;4,03;10,35;6,45;0,27
Ctrl;0;3,26;3,28;2,56;3,19;5,07;0,18
Ctsa;0,65;8,99;18,53;9,12;27,54;4,21;-0,41
Ctsc;0,1;16,46;42,05;22,87;43,22;7,17;-0,17
Ctsk;0;1;2,12;0,68;0,82;4,05;0,97
Ctsl;0,47;155;230,65;163,76;157,38;8,41;0,26
Ctss;0,05;1,46;6,41;2,57;5,39;4,74;-0,01
Ctsz;0,05;15,52;13,83;11,54;14,08;6,63;0,2
Cuedc2;0,11;3,07;4,49;4,38;4,5;4,22;-0,23
Cul3;13,53;75,99;170,36;95,94;143,45;3,18;0,04
Cwc22;24,62;165,17;163,79;145,48;103,41;2,74;0,4
Cxadr;0,57;7,85;5,27;5,67;7,36;3,31;0,01
Cxcl10;0;2,13;1,57;0,68;2,1;4,29;0,39
Cxcl11;0;1,02;2,67;2,08;1,27;4,29;0,14
Cxcl16;0;7,84;8,74;5,78;7,35;6,39;0,33
Cyb5r1;0,12;2,64;1,46;2,2;1,07;3,26;0,31
Cyba;0,11;2,42;0;3,08;1,92;2,66;-0,99
Cyc1;1,26;13,21;21,11;12,75;27,77;3,67;-0,24
Cyp26a1;0;4,23;0,43;3,85;0,48;4,6;0,1
Cyp2c44;0,1;2,04;2,32;2,89;1,09;3,51;0,13
Cyp2c67;0,43;0,62;4,71;0,58;3,97;2,38;0,22
Cyp51;0,51;8,02;2,94;5,81;1,98;3,19;0,48
Cypt1;0;2,27;1,85;2,68;1,7;4,43;-0,08
Cypt12;0;1,04;4,89;1,31;1,57;4,94;1
Cypt2-ps;0;4,2;11,3;5,19;5,07;6,29;0,59
Cypt3;0;3,01;4,68;3,43;6,42;5,3;-0,35
Cypt7;0,16;1,13;4,84;2,68;3,98;3,56;-0,15
Cyr61;0,1;2,56;1,43;1,47;2,05;3,42;0,18
D030056L22Rik;0,29;22,46;60,49;20,55;62,93;6,74;-0,01
D130040H23Rik;0,13;1,5;0,65;1,71;0,62;2,34;-0,11
D17Ertd648e;0;1,13;3,43;0,12;0,83;4,57;2,06
D17H6S53E;0,09;1,51;1,28;1,58;1,4;2,97;-0,08
D1Pas1;0,08;14,79;11,13;12,5;10,82;6,2;0,15
D2hgdh;0,1;0,66;1,4;0,97;0,98;2,48;0,08
D5Ertd605e;0;8,96;8,96;10,51;8,9;6,5;-0,11
D730039F16Rik;0;1,63;1,77;0,92;0,75;4,17;0,94
D7Ertd143e;0,06;1,09;1,17;0,96;1,15;2,96;0,08
Dapl1;0,33;7,56;3,07;17,71;4,84;3,67;-1,07
Dbndd2;0,16;2,3;1,6;1,63;1,95;3;0,12
Dbp;0,08;5,7;4,86;4,53;4,24;4,9;0,26
Dbr1;0,5;23,49;29,38;28,02;54,33;5,48;-0,64
Dbt;0,69;8,81;15,66;11,3;14,25;3,97;-0,06
Dbx1;0,03;3,72;1,96;0,88;0,09;4,48;2,32
Dcaf12l1;0,07;2,09;1,01;2,86;0,69;3,27;-0,18
Dcc;0,18;2,25;7,38;2,3;5,86;4,14;0,24
Dcdc2c;3,99;2833,41;3630,39;2594,06;2389,53;9,63;0,38
Dck;0,45;7,84;15,18;4,27;10;4,39;0,68
Ddah2;0;10,01;7,41;6;4,57;6,46;0,71
Ddit4l;0,96;12,85;93,68;15,15;49,43;5,66;0,72
Ddt;2,82;18,01;33,5;22,58;38,94;3,15;-0,26
Ddx20;2,72;22,03;35,17;24,6;34,63;3,35;-0,05
Ddx26b;0;12,47;15,38;5,74;11,3;7,13;0,7
Ddx31;0,68;5,71;6,24;5,55;6,46;2,97;-0,01
Ddx39;34,66;95,53;370,7;67,36;267,7;2,75;0,48
Ddx3y;0;1,36;1,25;0,86;0,51;3,81;0,84
Ddx43;0,09;12,87;16,95;12,13;13,17;6,32;0,24
Ddx54;2,02;12,75;14,67;14,37;14,95;2,71;-0,1
Deb1;18,38;63,49;143,76;66,13;98,87;2,49;0,33
Decr2;0,29;13,09;13,67;6,21;9,82;5,12;0,73
Dedd2;0,11;2,8;5,63;2,67;3,7;4,37;0,39
Defb13;0;0;10,29;0;7,09;5,71;0,53
Defb25;0;8,38;47,08;3,08;96,96;8,12;-0,85
Defb35;0;0;3,09;1,38;0,93;4,04;0,38
Defb42;0;2,42;8,42;0,75;8,27;5,79;0,26
Defb45;0;0,25;4,42;0,74;7;4,61;-0,7
Dennd2c;0,04;2,86;1,8;3,73;2,23;4,15;-0,34
Depdc1a;0,64;7,76;10,91;4,96;5,87;3,67;0,78
Depdc5;0,69;3,14;5,13;2,89;4,88;2,43;0,09
Dgka;0,16;1,69;1,76;1,79;1,43;2,82;0,09
Dgke;1,95;14,24;14,73;12,04;17,03;2,83;0
Dhps;0,42;6,4;13,38;9,09;20,19;4,27;-0,56
Dhrs7;0,05;0,81;1,28;1,34;0,85;2,89;-0,07
Dhrs7b;0,09;0,93;1,26;1,67;1,6;2,67;-0,55
Dhx9;1,26;13,39;35,72;14,06;32,46;4,17;0,08
Dio3;0,11;4,78;0,52;4,79;0,11;3,74;0,11
Dis3;3,24;15,71;24,79;17,12;25,1;2,61;-0,06
Dkkl1;0,17;30,01;51,74;21,94;46,16;7,25;0,26
Dleu2;0,24;0,65;2,96;0,9;2,31;2,5;0,16
Dlg3;0,06;2,76;1,85;2,89;1,41;3,94;0,09
Dmgdh;0,04;1,44;1,2;1,39;0,92;3,32;0,18
Dmrt3;0;1,25;1,24;1,31;0,83;3,74;0,2
Dnajb13;0;0,61;1,61;0,51;1,06;3,6;0,44
Dnajb14;1,18;27,7;124,76;36,83;130,15;5,9;-0,13
Dnajb9;3,8;120,88;321,7;105,64;223,82;5,83;0,43
Dnajc12;0,11;29,45;40,01;11,63;15,01;7,38;1,38
Dnajc22;0;1,06;1,12;1,21;0,98;3,57;0
Dnd1;0,14;1,29;1,76;1,27;1,2;2,76;0,28
Dner;0,21;1,22;4,84;1,02;4,75;3,36;0,07
Dnlz;0,63;3,04;4,58;2,27;4,26;2,43;0,21
Dnpep;0,7;13,21;18,58;9,06;12,47;4,33;0,56
Dohh;0,67;3,46;4,69;2,84;5,09;2,45;0,04
Dpagt1;0,28;12,87;39,62;13,27;31,81;6,13;0,22
Dpm1;5,27;11,27;50,48;16,3;54,75;2,53;-0,2
Dppa4;3,91;75,45;155,37;99,3;155,85;4,85;-0,14
Dppa5a;30,75;250,23;1188,64;318,82;1181,37;4,54;-0,06
Dr1;1,25;16,02;47,56;15,79;42,87;4,57;0,12
Drg1;9,39;24,19;80,97;23,21;63,29;2,47;0,28
Dscc1;1,66;7,78;13,79;8,54;10,86;2,63;0,15
Dsel;0,14;2,89;1,11;3,27;0,81;3,15;-0,03
Dub1;0,51;26,96;37,43;31,8;31,97;5,74;0,01
Dub1a;1,13;115,97;306,96;113,25;255,83;7,43;0,2
Dub2a;1,84;27,19;58,95;21,09;41,57;4,48;0,46
Duoxa2;0,21;7,68;14,45;3,63;12,8;5,16;0,43
Dusp26;0,08;3,58;0,78;1,69;0,72;3,69;0,81
Dusp4;0,05;2,54;2,26;1,25;1,84;4,03;0,61
Dusp5;0;0,7;3,99;1,28;2,53;4,61;0,29
Dusp6;0,07;12,49;4,34;3,57;0,94;5,66;1,85
Dusp9;0,07;1,89;0,68;2,41;0,86;3,02;-0,33
Duxbl;0;0,68;9,75;0;5,2;5,73;0,98
Dync1li1;2,38;11,42;15,66;10,36;13,54;2,46;0,18
Dyrk3;0,25;5,83;17,45;6,56;14,74;5,06;0,13
Dyrk4;0,32;2,41;3,34;1,74;1,93;2,84;0,61
Dysf;0,05;0,94;1,08;0,94;1,38;2,84;-0,18
E030030I06Rik;4,15;16,52;28,13;16,62;25,14;2,4;0,1
E130012A19Rik;0,08;2,45;0,34;1,4;0,52;3,02;0,49
E130309D02Rik;0,11;4,84;5,26;3,8;6,21;4,62;0,01
E230016M11Rik;0,19;1,56;5,84;2,14;4,8;3,72;0,09
E2f6;0,19;1,6;1,53;1,21;0,79;2,55;0,6
E2f7;0,08;1,34;2,25;1,96;2,84;3,42;-0,4
Ears2;0,57;3,6;7,01;3,3;5,97;3;0,19
Ebp;0,58;9,08;8,03;2,37;0,99;3,68;2,28
Ece2;6,39;16,92;52,1;18,92;51,08;2,41;-0,02
Echdc2;0,59;2,91;7,78;3,36;8,43;2,98;-0,14
Eci1;1,6;27,68;75,59;32,76;67,42;4,92;0,04
Ecm2;0;0,82;3,01;0,8;2,98;4,34;0,02
Edf1;3,99;20,55;32,47;10,42;10,08;2,7;1,36
Efcab4b;0,07;0,9;2,13;0,83;1,58;3,27;0,3
Efna1;1,34;18,16;33,09;20,09;41,73;4,16;-0,27
Egln3;0,14;2,91;0,61;1,99;2,12;2,94;-0,22
Ehd2;0,04;1,54;0,64;1,79;0,63;3,08;-0,14
Ehmt2;0,13;0,89;1,51;0,95;2,23;2,48;-0,38
Eid2;0,05;9,77;18,32;12,47;12,05;6,52;0,19
Eif1a;0,24;17,46;34,13;21,8;29,5;6,24;0,01
Eif2ak3;0,44;3,16;4,3;2,77;2,6;2,83;0,46
Eif2s3y;0,08;4,21;12,95;4,6;9,49;5,63;0,28
Eif3f;2,22;7,54;21,61;8,49;22,12;2,66;-0,07
Eif4ebp1;2,83;33,88;33,68;30,16;38,51;3,53;-0,02
Eif5a2;0,07;1,36;1,67;2,14;1,71;3,22;-0,33
Elovl4;0,11;3,9;2,36;3,07;1,84;3,97;0,34
Elovl6;0,15;7,06;10,72;7,04;9,85;5,15;0,07
Emg1;16,71;54,99;130,25;57,95;121,22;2,46;0,05
Eml3;0,04;0,84;1,72;1,28;1,17;3,31;0,05
Emp3;0,11;2,66;4,6;1,82;5,23;4,17;0,04
Endog;0;0,54;4;0,37;2,2;4,57;0,78
Eno3;0,1;1,5;0,75;1,41;0,47;2,64;0,23
Enpp3;0,32;3,95;3,37;2,86;2,32;3,18;0,48
Entpd7;0,01;1,69;2,22;1,56;1,25;4,22;0,44
Eomes;0,12;3,18;0,45;3,14;0,45;3,12;0,02
Epb4.9;0,17;2,94;0,58;1,36;0,47;2,76;0,87
Epcam;0,6;19,53;46,33;25,11;39,08;5,55;0,04
Epha10;0,15;1,6;4,17;1,38;3,07;3,56;0,36
Ephb1;0,12;0,3;3,23;0,37;2,67;3,1;0,21
Epm2a;0,27;1,22;9,84;0,55;5,77;3,92;0,79
Epm2aip1;0,02;2,42;2,1;1,03;0,4;4,24;1,53
Ercc4;1,53;2,96;19,52;3,19;13,97;2,79;0,39
Ero1l;0,13;2,28;2,85;5;4,82;3,56;-0,91
Esf1;6,36;32,87;44,42;43,56;41,02;2,58;-0,13
Esp24;0;14,24;66,17;17,12;66,03;8,65;-0,05
Etd;0;2,99;4,92;3,1;5,94;5,34;-0,19
Etv2;0,07;3,58;2,42;1,91;1,74;4,19;0,68
Etv5;0,88;4,6;5,08;4,24;2,07;2,34;0,6
Exd2;1,41;5,49;12,47;6,69;10;2,59;0,1
Exoc8;0,07;2,28;2,19;2,04;2,72;3,82;-0,09
Exosc5;2,22;6,18;18,55;9,54;13,42;2,42;0,11
Exosc6;0,34;3,35;12,7;4,07;17,86;4,22;-0,44
Exph5;0,04;1,87;0,44;1,29;0,46;3,19;0,35
F11r;0,21;14,07;18,54;8,64;14,45;5,74;0,49
Fabp4;0;0,72;4,06;0;1,9;4,64;1,25
Fabp9;0,16;12,31;22,18;13,24;21,75;6,07;-0,02
Fads2;0,09;1,46;1,19;2;0,27;2,9;0,21
Fah;0,04;3,88;3,76;4,53;3,81;4,78;-0,12
Fahd1;0;2,13;0,2;1,08;0,53;3,67;0,48
Fam100b;0,33;3,67;7,44;2,51;2,86;3,72;1,02
Fam109a;0;1,86;2,02;3,05;2,02;4,35;-0,37
Fam131c;0;1,22;1,58;2,12;0,57;3,91;0,05
Fam136a;0,72;24,44;3,66;26,89;6,92;4,12;-0,26
Fam158a;0;10,47;6,27;7;3,54;6,4;0,66
Fam159a;0;3,71;5,08;4,09;7,96;5,49;-0,45
Fam169b;0,04;4,01;5,69;4,02;5,66;5,09;0
Fam176a;0,08;8,22;13,87;10,03;13,66;5,99;-0,1
Fam176b;0;2,14;1,47;1,31;0,45;4,25;0,96
Fam20b;0,51;2,43;3,49;2,8;2,15;2,33;0,25
Fam25c;0;1,43;1,57;0;0;4;4
Fam26f;0,07;5,16;7,7;6,75;7,35;5,28;-0,13
Fam33a;7,54;18,41;107,02;14,31;62,27;3,04;0,71
Fam36a;0;6,95;9,05;11,6;9,18;6,34;-0,37
Fam43a;0;1,44;0,69;1,48;0,59;3,55;0,05
Fam43b;0;2,14;3,31;1,66;5,42;4,82;-0,37
Fam57b;0,04;2,19;2,06;1,95;3,04;4,01;-0,23
Fam73a;0,02;1,02;1,01;1,1;1,54;3,18;-0,34
Fam76a;0,23;8,92;13,29;11,16;11,9;5,06;-0,05
Fbl;8,12;33,49;68,11;23,7;73,93;2,63;0,06
Fblim1;0,02;1,45;1,18;2,4;1,64;3,55;-0,59
Fbxo15;7,64;85,54;357,47;103,12;307,36;4,84;0,11
Fbxo16;2,19;5,1;33,79;6,83;47,96;3,09;-0,49
Fbxo27;0;0,81;1,72;1,49;2,27;3,77;-0,54
Fbxo6;0;6,21;7,76;7,86;11,12;6,15;-0,44
Fbxw9;0,72;3,56;5,23;4,42;4,35;2,45;0
Fcgr2b;0;1,14;3,47;0,94;2,24;4,59;0,51
Fcgr3;0,26;46,55;180,08;50,78;79,32;8,31;0,8
Fcgrt;0,15;2,19;4,42;1,92;1,6;3,74;0,87
Fdps;3,58;28,78;33,87;27,5;31,63;3,09;0,08
Fdxr;0,35;4,94;1,22;3,1;0,63;2,81;0,69
Fgf15;0;2,37;0,03;2;0,44;3,7;-0,02
Fgf21;0,08;2,58;2,36;2,64;3,48;3,84;-0,3
Fgf4;0;1,5;2,89;2,71;3,05;4,52;-0,38
Fhl3;0;1,04;1,99;1,08;2,09;4,02;-0,06
Ficd;0,06;43,56;39,58;35,84;29,9;8,03;0,34
Fkbp11;0;4,12;4,06;4,54;7;5,39;-0,49
Fkbp1b;0,15;1,2;1,13;1,24;2,27;2,33;-0,54
Fkbp4;2,19;19,03;49,77;17,02;43,61;3,91;0,18
Fkbp7;0,17;3,27;3,8;3,72;1,27;3,75;0,49
Flywch2;0;3,8;8,12;2,82;7,47;5,92;0,21
Fmr1nb;9,67;54,17;260,37;60,71;254,77;4,01;0
Fndc4;0,03;1,52;0,84;1,36;0,85;3,32;0,09
Folr1;0,05;41,41;83,99;35,97;69,28;8,68;0,25
Folr2;0,14;3,34;1,83;1,19;3,08;3,52;0,26
Foxa3;0,22;1,59;1,48;2,15;0,45;2,33;0,22
Foxi3;0;0,97;5,92;0,26;5,5;5,15;0,25
Foxred1;0,18;2,16;3,16;1,83;1,43;3,3;0,67
Frat2;0,09;1,15;3,51;1,04;2,78;3,67;0,27
Frrs1;0,08;10,87;16,31;8,97;11,58;6,28;0,4
Fth1;149,63;461,28;1276,5;603,91;984,86;2,54;0,13
Fthl17;0;1,87;7,89;1,63;2,93;5,64;1,07
Ftl1;52,08;191,96;397,34;121,81;283,55;2,5;0,54
Fundc1;8,33;38,96;265,16;47,16;202,83;4,17;0,28
Fv1;0,45;4,07;14,52;2,55;9,21;4,09;0,65
Fxyd5;0;5,1;1,32;3,66;0,31;5,05;0,66
Fzd2;0,02;3,18;2,01;1,27;1,19;4,52;1,02
Fzd4;0;10,15;6,21;8,05;4,06;6,37;0,43
Fzd5;0,02;1,75;1,07;1,31;0,57;3,68;0,54
Fzd9;0;0,88;1,29;0,84;0,52;3,57;0,61
G2e3;0,63;19,77;33,17;20,94;24,01;5,19;0,23
Gabarap;6;21,17;47,1;25,85;56,62;2,49;-0,27
Gabarapl2;21,11;97,48;649,53;111,17;597,87;4,14;0,08
Gabbr1;0;2,48;0,83;1,74;1,32;4,13;0,1
Gabpa;0,09;34,61;95,77;41,4;90,35;8,46;-0,02
Gadd45a;1,68;25,03;45,29;17,87;29,7;4,31;0,56
Gadd45b;2,73;51,95;94,52;49,25;124,16;4,7;-0,24
Gal;0;11,59;9,13;8,79;10,05;6,71;0,14
Gal3st2;0,4;12,74;25,46;12,79;8,6;5,26;0,83
Gapt;0,03;1,1;2,22;2,25;1,61;3,74;-0,21
Gart;0,51;3,65;6,3;2,63;5,55;3,06;0,28
Gas5;2,2;16,3;19,59;21,38;16,31;2,97;-0,07
Gata1;0;6,14;10,9;7,49;11,15;6,43;-0,13
Gata2;0,08;3,83;0,41;1,88;0,36;3,65;0,86
Gba;0,04;3,87;2,99;5,38;2,63;4,68;-0,22
Gcnt1;0,05;6,05;3,94;6,47;4,79;5,05;-0,17
Gcsh;2,24;209,19;621,75;226,62;539,37;7,47;0,12
Gde1;5,48;20,69;43,24;18,67;27,97;2,52;0,45
Gemin5;0,58;4,1;5,06;4,71;6,21;2,79;-0,25
Ggps1;3,78;14,5;34,26;19,14;20,19;2,66;0,31
Ggt6;0;1,58;0,84;1,98;1,3;3,71;-0,41
Gip;0;2,52;1,77;2,38;1,73;4,49;0,06
Gja1;0,1;7,79;8,1;5,7;4,62;5,32;0,61
Gla;0,12;12,41;35,52;11,2;30,96;6,74;0,18
Gldc;0,21;7,19;10,96;7,61;9,29;4,86;0,1
Glis2;0,02;1,52;0,73;1,25;0,92;3,39;0,05
Glod5;0;2,78;7,14;7,62;9,5;5,66;-0,78
Glrx2;0,28;2,82;7,58;3,08;6,62;3,8;0,1
Glrx3;1,08;9,68;16,8;14,21;17,94;3,5;-0,28
Gls;0,72;6,47;12,88;7,05;8,8;3,58;0,28
Glt25d1;0,08;3,27;2,59;4,4;2,82;4,08;-0,29
Glt25d2;1,04;2,96;10,63;2,47;4,29;2,6;0,99
Gltscr2;4,32;28,66;33,2;26,33;37,41;2,81;-0,04
Glul;1,37;100,2;223,9;61,86;158,03;6,79;0,56
Gm10012;0;6,66;3,95;5,99;8,07;5,76;-0,4
Gm10653;0,81;172;204,66;159,25;145,92;7,7;0,3
Gm10658;0,06;2,05;2,67;5,76;2,59;3,91;-0,8
Gm10662;0,17;46,87;199,92;46,71;58,7;8,81;1,23
Gm10664;0,08;3,06;1,52;4,75;0,76;3,76;-0,26
Gm10696;0,4;108,26;242,93;123,26;193,2;8,45;0,15
Gm10697;0,43;48,18;263,73;50,1;217,05;8,19;0,22
Gm10845;2,12;13,59;14,86;9,47;8,53;2,69;0,65
Gm11127;0,21;4,31;4,68;4,08;2,05;3,9;0,54
Gm1140;0;6,35;3,05;3,23;0,7;5,58;1,21
Gm11487;2,54;51,57;59,95;53,01;42,33;4,41;0,23
Gm11517;0,25;146,23;1202,34;189,6;1182,48;10,91;-0,02
Gm11544;0,31;133,37;330,12;146,91;282,25;9,15;0,11
Gm11554;0;0,17;1,89;1,06;0,43;3,5;0,43
Gm11569;0;4,4;6,34;3,68;4,27;5,77;0,42
Gm11756;0,53;26,5;66,33;31,81;41,54;6,2;0,34
Gm11974;0,78;78,88;226,49;102,25;303,14;7,45;-0,41
Gm12191;18,53;126,7;272,12;183,28;258,02;3,42;-0,15
Gm12238;0;82,55;45,23;161,99;54,56;9,32;-0,76
Gm12789;0;79,2;116,82;81,05;94,8;9,94;0,16
Gm12794;0,33;47,3;91,04;53,33;67,21;7,33;0,2
Gm12824;0,03;1,45;6,65;1,31;5,08;5,03;0,33
Gm13034;0,96;15,62;32,36;16,6;32,53;4,51;-0,03
Gm13040;0;2,31;3,32;3,15;1,33;4,86;0,31
Gm13043;0,03;6,99;14,15;8,48;11,99;6,34;0,05
Gm13057;0;8,71;17,03;10,41;13,26;7,02;0,12
Gm13078;1,73;74,74;185,33;71,54;114,87;6,15;0,48
Gm13083;0,91;19,29;39,72;16,13;25,42;4,87;0,5
Gm13102;0,13;14;48,27;17,51;43,93;7,06;0,02
Gm13109;0;18,21;58,65;22,21;42,84;8,59;0,24
Gm13119;0,03;8,13;14,81;8,02;9,96;6,46;0,35
Gm13128;1,19;9,03;36,32;8,27;23,27;4,15;0,52
Gm13238;1,36;14,9;9,79;9,85;10,57;3,09;0,27
Gm13498;0;6,22;6,05;6,83;3,57;5,96;0,23
Gm13718;0,09;21,35;23,35;19,64;21,48;6,9;0,12
Gm13871;0,15;20,12;60,65;26,09;0,76;7,33;1,58
Gm14322;0,51;6,46;6,23;5,27;2,5;3,41;0,69
Gm14393;0,86;9,29;18,62;3,14;3,25;3,88;2,09
Gm14458;0;3,42;10,34;1,68;4,61;6,13;1,11
Gm14511;0;2,42;14,65;1,49;4,58;6,43;1,46
Gm15008;0,24;5,18;8,41;9,99;15,34;4,35;-0,89
Gm15023;0;1,3;2,15;2,3;3,03;4,19;-0,59
Gm15056;0;11,13;11,26;7,98;1,13;6,82;1,28
Gm1527;0,06;2,12;11,2;2,94;7,61;5,39;0,33
Gm15421;0,29;4,27;3,15;6,65;3,12;3,27;-0,39
Gm15455;0,36;43,4;34,59;43,89;35,82;6,42;-0,03
Gm1564;1,67;23,69;11,18;11,68;4,13;3,31;1,13
Gm15772;17,05;140,87;286,33;182,78;314,37;3,64;-0,22
Gm16367;0,3;36,32;55,46;39,95;74,07;6,86;-0,31
Gm16381;1,88;65,01;996,3;85,7;805,38;8,07;0,25
Gm1679;0;1,58;1,43;2,65;0,86;4,01;-0,21
Gm16880;0,18;4,59;5,18;6,12;2,47;4,16;0,18
Gm17019;0,24;2,8;5,98;2,25;4,49;3,7;0,37
Gm1943;8,38;31,93;106,91;40,47;125,52;3,04;-0,26
Gm1995;0,77;15,71;19,49;16,19;15,58;4,35;0,15
Gm2016;0,11;80,88;242,83;81,58;173,95;9,57;0,34
Gm2022;0,33;23,58;88,81;28,42;51,24;7,04;0,5
Gm2027;0,04;6,03;36,26;6,63;27,02;7,23;0,33
Gm20604;0,42;1;4,45;1,33;3,35;2,44;0,21
Gm2a;0,07;9,65;8,94;9,07;7,56;5,77;0,16
Gm3139;1,59;51,24;85,61;63,56;96,07;5,34;-0,22
Gm3258;1,18;5,31;30,46;6,77;29,84;3,81;-0,03
Gm3286;0,27;3,67;18,4;5,94;19,13;4,9;-0,18
Gm4027;0,22;33,69;198,06;45,59;125,39;8,51;0,44
Gm4262;0,03;1,39;1,03;1,68;0,59;3,3;0,09
Gm428;4,59;112,72;157,99;120,44;110,46;4,85;0,23
Gm4285;0;0,8;1,34;1,46;1,41;3,55;-0,4
Gm4302;0,2;5,75;13,71;3,63;10,88;5,04;0,42
Gm4303;0,34;4,73;13,34;3,09;7,67;4,39;0,74
Gm4305;0,08;0,76;4,15;0,89;0,88;3,81;1,36
Gm4307;0,17;2,81;11,03;2,52;6,57;4,71;0,59
Gm4312;0;2,63;3,23;0,98;2,24;4,92;0,83
Gm4340;1,23;264,16;816,63;217;468,53;8,66;0,66
Gm4567;0,68;37,53;155,53;37,67;87,16;6,95;0,63
Gm4827;0;2,96;18,9;1,6;16,93;6,79;0,24
Gm4850;0,17;353,26;1035,95;440,34;797,76;11,34;0,17
Gm4858;0,07;26,92;85,5;31,31;80,45;8,34;0,01
Gm4971;0,14;50,09;193,04;51,45;138,91;9,01;0,35
Gm4984;0;2,24;1,33;1,43;2,48;4,24;-0,12
Gm5;20,46;176,73;386,06;179,67;429,46;3,78;-0,11
Gm5039;1,23;9,93;38,33;11,08;19,92;4,19;0,64
Gm5077;0,22;1,49;2,51;1,92;1,11;2,74;0,37
Gm5127;0;0,58;2,5;1,32;1,89;4,04;-0,06
Gm5128;0;1,44;2,24;1,83;3,35;4,28;-0,47
Gm5148;0,99;4,65;9,32;6,15;12,17;2,69;-0,39
Gm5494;0;0,1;2,48;0;0;3,8;3,8
Gm5577;0;1,78;6,49;1,21;6,48;5,4;0,1
Gm5634;0;3,91;15,09;2,13;5,64;6,58;1,27
Gm5635;0;15,06;39,31;10,04;18,45;8,09;0,93
Gm5643;0;0;6,53;1,59;0;5,07;1,9
Gm5662;0,18;75,75;205,41;75,76;134,58;8,97;0,42
Gm5771;0;0,22;1,81;0,21;1,05;3,47;0,6
Gm5797;0,07;0,5;5,59;0,55;5,41;4,17;0,03
Gm5801;0,42;2,16;4,49;2,52;7,2;2,72;-0,53
Gm5860;0,07;1,47;4,06;1,6;2,69;4,1;0,36
Gm5941;0;2,68;5,74;2,13;2,87;5,43;0,73
Gm6268;0;4,39;13,91;0;0,65;6,53;4,46
Gm6402;0,05;0,85;1,81;1,17;0,71;3,24;0,46
Gm6406;0,53;2,08;10,36;2,12;9,64;3,32;0,08
Gm6432;0;3,08;9,94;3,39;7,52;6,05;0,25
Gm6455;0,41;2,25;6,34;3,16;3,04;3,11;0,46
Gm6460;0,1;1,01;2,22;1,28;1,63;3,13;0,15
Gm6568;0,48;17,31;41,23;16,83;37,47;5,65;0,11
Gm6642;0;0,24;1,86;0,24;2,72;3,52;-0,46
Gm6880;0;6,91;8,04;9,08;9,7;6,24;-0,32
Gm6890;0,21;4,84;4,2;4,06;4,54;3,9;0,07
Gm7102;3,24;1638;2365,54;1515,4;1638,46;9,23;0,34
Gm7334;2,3;6,77;17,87;9,79;21,61;2,37;-0,35
Gm7367;0,7;0;8,5;0;3,82;2,45;1,11
Gm773;0;6,43;15,8;7,48;14,88;6,81;-0,01
Gm7849;0;0,88;4,3;0,69;1,63;4,75;1,09
Gm7903;0;1,11;2,75;1,81;3,16;4,34;-0,35
Gm8300;0,25;50,06;193,24;60,16;137,31;8,45;0,3
Gm8994;0,22;63,11;131,92;50,8;128,21;8,27;0,12
Gm9;0,04;32,11;49,4;0,48;0,08;8,18;6,75
Gm9112;0;2,53;0,4;1,06;0,48;3,96;0,84
Gm9125;0,03;44,74;93,24;56,14;77,56;9,08;0,05
Gm9376;0;6,6;19,3;7,99;25,75;7,03;-0,38
Gm9758;0,25;1,59;3,53;1,97;2,59;2,93;0,16
Gm9786;82,8;245,12;1079,86;154,46;952,28;3;0,26
Gm9846;0;0,88;1,64;72,95;154,07;3,75;-6,38
Gm9895;0,39;14,64;11,66;11,87;6,32;4,76;0,53
Gm9994;0,36;2,31;8,12;1,64;2,69;3,53;1,23
Gmeb2;0,02;1,29;2,66;1,74;2,28;4,17;-0,02
Gmpr2;0;4,65;8,75;2,53;6,59;6,09;0,55
Gna11;0,13;3,51;2,95;2,05;2,63;3,83;0,45
Gna15;0;1,86;1,38;0,54;0,1;4,1;2,03
Gnl3l;0,23;2,38;3,33;2,31;3,38;3,18;0,01
Gpatch3;0,33;6,01;14,81;7,1;14,04;4,62;-0,02
Gpkow;0,51;7,38;7,45;8,88;6,62;3,63;-0,06
Gpn3;1,08;30,92;71,26;34,37;62,76;5,43;0,07
Gpr160;0,6;5,25;3,58;7,44;4,7;2,7;-0,45
Gpr161;0;12,62;22,17;7,82;13,62;7,45;0,69
Gpr50;0,52;8,74;27,67;8,2;34,77;4,89;-0,24
Gpr83;0,17;7;0,05;6,4;0,54;3,73;0,02
Gprasp2;0,03;1,97;0,16;1,62;0,23;3,14;0,18
Gprc5a;0,19;1,68;1,94;1,23;1,22;2,72;0,53
Gpx1;41,81;257,62;419,54;187,37;321,77;3,01;0,41
Gpx4;9;72,74;134,98;86,65;137,65;3,51;-0,11
Gpx7;0;6,63;7,94;3,27;4,7;6,21;0,85
Gramd1b;0,11;1,03;2,02;0,84;2,7;2,93;-0,21
Gsdmd;0;1,77;0,68;1,27;0,82;3,72;0,21
Gss;1;3,18;10,86;4,48;9,61;2,7;0
Gstm1;0,05;9,27;1,2;6,18;2,53;5,11;0,26
Gstm4;0;1,47;1,04;2,86;0,19;3,77;-0,25
Gsto1;0,8;8,2;12,29;11,6;15,69;3,52;-0,41
Gt(ROSA)26Sor;1,51;14,86;37,34;5,53;11,1;4,03;1,64
Gtf2i;0,11;3,39;5,27;4,96;4,13;4,37;-0,07
Gtf3c4;0,41;5,63;6,84;6,62;4,49;3,62;0,16
Gtf3c5;0,2;11,05;9,14;6,81;4,06;5,06;0,88
Gtf3c6;10,98;39,1;86,25;43,23;70,12;2,5;0,14
Gtpbp3;0,14;4,07;5,49;3,26;3,41;4,37;0,5
Gtsf1l;0;1,91;4,33;1,03;2,09;5,01;0,96
Guca1a;0,09;101,52;324,59;109,03;348,11;10,14;-0,1
Gusb;0;3,39;4,42;2,46;3,42;5,32;0,4
H2-Ab1;0;1,52;1,72;0,92;1,6;4,1;0,34
H2-Bl;0;0,65;2,13;0,27;0,18;3,9;2,17
H2-D1;0,12;3,78;5,94;2,35;3,39;4,52;0,74
H2-DMa;0,31;4,49;1,53;2,81;3,38;2,92;-0,04
H2-Ke2;6,4;26,03;105,78;32,86;103,39;3,34;-0,05
H2-M10.4;0;1,63;2,52;0,83;4,01;4,45;-0,21
H2-Q10;0,09;1,6;3,13;0,89;1,98;3,68;0,68
H2-Q4;0,45;2,14;3,63;2,51;2,39;2,45;0,22
H2-Q6;0,08;0,63;2,57;0,22;2,95;3,27;0,01
H2-Q7;0,06;1,63;12,83;3,02;9,76;5,48;0,18
H2-Q8;0;0,68;9,58;1,11;4,43;5,71;0,87
H2-T22;0;5,67;0,92;1,11;0;5,08;2,38
H2-T24;0;1,4;2,13;1,23;1,39;4,22;0,41
H2-T9;0,04;6,33;7,27;2,1;0,86;5,61;2,13
H2afj;1,6;3,59;14,91;1,84;10,79;2,46;0,54
H2afv;6,51;45,53;140,65;50,03;118,41;3,82;0,14
H2afz;48,18;376,53;1214,58;362,21;1311,34;4,04;-0,07
H47;0,24;84,87;334,62;104,17;302,6;9,27;0,04
Hagh;1,85;16,26;9,11;14,51;8,95;2,71;0,11
Hand1;0,03;2,42;0,31;0,41;0,03;3,45;2,2
Hars2;0,06;1,83;1,47;1,81;1,83;3,44;-0,13
Haus2;0,41;7,3;20,63;7,75;24,26;4,79;-0,2
Havcr2;0,02;1,5;0,73;1,84;0,86;3,31;-0,25
Hba-a1;0,34;19,58;0,42;0,01;0,09;4,54;6,07
Hba-a2;0;0,02;79,84;21,6;58,62;8,58;-0,01
Hccs;1,62;6,48;11,54;9,16;13,65;2,4;-0,34
Hcrt;0;6,76;12,23;6,4;15,53;6,58;-0,21
Hdac1;4,33;61,18;123,8;56,18;100,19;4,38;0,24
Hdc;0,08;1,81;1,29;1,77;0,78;3,19;0,27
Hdhd3;0,34;5,1;1,05;4,61;3,54;2,86;-0,39
Heatr3;1,6;13,54;24,4;16,72;17,45;3,49;0,15
Herc4;1,98;10,76;13,85;13,27;13,68;2,58;-0,13
Hes1;0,38;18,91;43,01;3,27;1,31;6,02;3,7
Hesx1;0;15,31;22,2;20,44;17,04;7,56;0
Hexb;0,31;23,44;51,91;28,12;57,68;6,52;-0,19
Hexim1;0,26;20,21;19,31;15,75;10,91;5,8;0,56
Hilpda;1,33;23,51;65,46;33,38;82,33;4,97;-0,38
Hint3;0,12;1,55;1,8;3,84;2,05;3;-0,79
Hipk1;0,21;13,54;19,4;12,84;18,68;5,74;0,06
Hipk3;1,45;6,23;9,36;7,35;7,2;2,35;0,1
Hist1h1b;0,13;8,15;40,87;2,73;12,93;6,75;1,63
Hist1h2ag;0,23;0,85;7,62;0;2,02;3,73;1,96
Hist1h2ao;0;1,02;49,58;1,44;19,35;7,99;1,28
Hist1h4a;0,58;1,74;16,71;0,86;9,79;3,77;0,78
Hist1h4c;1,16;1,31;15,28;3,85;17,86;2,73;-0,38
Hist1h4d;5,82;3,05;57,3;3,42;42,62;2,36;0,39
Hist4h4;0,42;2,85;4,87;2,49;4,05;2,94;0,23
Hmbs;4,03;15,81;36,69;20,26;36,11;2,67;-0,1
Hmgcl;0,39;15,59;15,73;21,23;15,58;5;-0,23
Hmgn5;18,2;102,04;115,18;35,69;20,01;2,57;1,96
Hmmr;4,27;45,62;116,21;39,33;84,31;4,21;0,39
Hmox1;0,34;11,57;10,35;9,3;10,82;4,64;0,12
Hmox2;7,83;32,2;73,09;39,71;68,16;2,73;-0,03
Hormad1;0,5;18,51;57,63;25,57;49,84;6;0,01
Hoxa1;0,08;2;0,7;2,23;0,23;3,03;0,12
Hoxb2;0;0,62;4,28;0,58;3,08;4,67;0,4
Hoxc9;0;1,81;0,51;0,74;0,62;3,66;0,69
Hpdl;0,55;5,38;10,29;7,63;6,27;3,61;0,17
Hs3st1;0;1,73;0,29;1,2;0,87;3,47;-0,03
Hs3st6;0;3,27;1,63;2,35;0,75;4,67;0,63
Hs6st2;0,02;1,1;1,54;2,14;1,61;3,61;-0,48
Hsbp1l1;0,06;1,27;4,12;1,66;3,13;4,16;0,16
Hsd17b14;0,05;9,8;12,79;7,07;15,78;6,24;-0,02
Hsd17b6;0,05;1,23;1,74;1,56;1,12;3,43;0,14
Hspa1a;0,34;6,25;8,04;4,95;5,19;4,04;0,49
Hspa1b;1,13;6,53;10,23;6,09;6,59;2,79;0,4
Hspa1l;0,05;1,26;1,09;1,74;1,48;3,05;-0,43
Hspa2;1,09;17,57;12,04;5;1,31;3,65;2,2
Hspb1;1,45;24,66;313,31;37,01;237,09;6,77;0,3
Hspbp1;0;4,79;10,87;5,24;11,61;6,31;-0,11
Iah1;0,33;4,32;4,26;2,84;6,36;3,35;-0,1
Icam1;0,1;4,53;1,22;3,57;1,07;3,89;0,3
Id1;0,92;18,39;50,94;15,51;48,62;5,08;0,11
Id2;4,98;23,9;57,38;11,68;16,12;3;1,54
Id3;2,3;10,87;17,97;11,31;16,02;2,6;0,08
Id4;0,08;1,82;4,16;1,97;2,57;4,09;0,38
Idh2;0,04;1,86;1,39;1,13;0,66;3,63;0,79
Idh3b;0,85;5,65;8,14;5,54;6;2,88;0,25
Idh3g;1,42;25,38;56,67;37,36;80,15;4,76;-0,52
Ier2;0,27;11,07;18,94;11,06;22,71;5,36;-0,17
Ier3;0,2;10,97;24,93;6,59;9,01;5,91;1,19
Ier3ip1;0,15;7,29;32,45;10,22;32,4;6,33;-0,1
Ier5;0;1,72;3,65;2,37;3,68;4,8;-0,17
Ifi27l1;0,11;4,88;1,83;2,01;0,63;4,07;1,28
Ifi35;0;21,22;56,75;17,48;45,21;8,61;0,31
Ifitm1;0,13;1,71;1,98;1,94;4,11;3,1;-0,69
Ifng;0,06;3,23;44,04;6,2;37,92;7,22;0,1
Ifngr2;0,09;3,24;0,98;4,62;1,34;3,5;-0,48
Ift20;29,9;93,55;251,2;99,78;250,69;2,52;-0,02
Igf2bp1;0,07;3,72;2,77;3,31;2,83;4,29;0,08
Igfbp2;0;3,75;3,33;2,63;4,85;5,19;-0,08
Igtp;0,13;2,04;0,96;1,21;1,83;2,8;-0,02
Ikbip;0,29;4,25;3,78;5;3,84;3,39;-0,13
Il12a;0;1,74;2,14;2,04;0,93;4,35;0,37
Il13ra1;0,03;1,07;1,05;1,44;0,65;3,12;0,01
Il15ra;0;2,34;0,19;3,13;0,23;3,78;-0,38
Il1f9;0,29;1,87;2,58;1,77;2,39;2,59;0,1
Il2rg;0;4,3;3,58;4,74;3,24;5,34;-0,02
Il6ra;0,06;3,38;4,86;4,02;4,45;4,76;-0,04
Imp3;7,53;12,37;163,01;21,88;183,58;3,52;-0,23
Impdh1;0,16;6,36;6,62;4,93;9,78;4,66;-0,18
Impdh2;1,37;48,81;72,03;60,83;94,54;5,36;-0,36
Insl6;0,26;9,65;6,69;11,5;3,64;4,51;0,11
Ints7;0,33;2,7;1,82;2,1;1,11;2,46;0,47
Iqcf1;0,19;4,83;23,65;6,64;13,31;5,65;0,51
Iqub;0,02;1,85;16,27;2,72;14,01;6,29;0,11
Irak2;0,02;3,85;2,87;3,3;2,04;4,84;0,32
Irak3;0;1,24;1,05;1,74;1,18;3,64;-0,32
Irf7;0,04;1,7;1,18;2;0,49;3,48;0,2
Irf9;0,03;2,64;2,78;1,96;2,94;4,46;0,14
Irx2;0,05;0,76;1,65;0,8;1,65;3,1;-0,03
Isca2;1,08;7,45;9,42;8,04;11,89;2,86;-0,24
Isg15;0;4,46;3,02;8,11;5,89;5,26;-0,89
Isg20l2;0,04;5,47;6,32;5,58;6,11;5,38;0,01
Itgae;0,16;2,82;5,64;5,4;7,35;4,05;-0,58
Itgav;0,08;3,61;4,56;4,44;3,66;4,56;0,01
Itm2a;0;1,58;2,34;2,34;2,82;4,36;-0,38
Itpa;1,98;11,19;28,3;15,18;35,61;3,25;-0,36
Itpkc;0;2,56;2,55;2,59;2,57;4,73;-0,02
Ivns1abp;3,08;15,73;20,93;15,54;21,89;2,54;-0,03
Jub;0,04;5,87;3,51;6,21;3,81;5,14;-0,09
Kank4;0,03;3,24;3,93;2,56;1,71;4,88;0,72
Kat2b;0,33;3,44;1,77;3,6;0,91;2,65;0,2
Kbtbd10;0,18;1,32;1,92;1,65;2,07;2,64;-0,19
Kbtbd2;0,03;1,2;1,83;1,61;1,43;3,62;0
Kcne3;0;9,54;1,66;3,76;0,39;5,83;1,39
Kcnj13;0,1;3,21;1,65;1,52;0,61;3,64;1,11
Kcnk5;0,37;3,93;1,37;2,11;2,36;2,54;0,24
Kcnk6;0,02;1,35;1,56;1,01;2,08;3,76;-0,08
Kctd4;0,04;1,27;1,44;1,12;1,62;3,36;-0,01
Kdelc2;0,07;2,62;2,66;3,28;1,17;4,02;0,24
Kdm3a;2,66;19,89;22,62;20,2;19,62;2,95;0,09
Kdm4c;0,09;4,12;9,03;4,64;9,59;5,15;-0,11
Kdm4d;0,19;3,28;2,51;2,78;1,64;3,36;0,38
Kdm5a;0,57;9,41;12,05;10,33;11,14;4,02;0
Kdm5b;1,65;36,43;72,36;37,7;70,97;4,96;0
Khk;0;1,36;1,7;1,67;1,67;4,03;-0,12
Kif3c;0,04;1,61;4,38;2,8;4,41;4,43;-0,26
Kifc2;0,04;1,09;1,35;1,09;1,11;3,24;0,14
Klf10;2,17;20,66;12,62;15,65;14,35;2,88;0,15
Klf2;0,48;2,82;4,02;2,77;2,21;2,61;0,44
Klf3;0,17;3,28;5,73;2,26;4,95;4,1;0,31
Klf4;3,79;28,78;15,53;31,06;13,22;2,52;0
Klf5;0,19;7,64;22,76;6,98;13,29;5,7;0,58
Klf8;0,07;1,77;2,05;2,25;2,17;3,57;-0,2
Klf9;0,1;4,29;3,04;4,77;2,59;4,27;0
Klhl11;1,58;33,64;58,32;38,55;54,75;4,78;-0,02
Klhl6;0,16;1,68;5,29;1,71;4,77;3,79;0,1
Klhl7;0,6;5,18;12,13;5,68;11,38;3,64;0,02
Klk1b24;0,09;0,21;1,82;0;1,01;2,54;0,9
Klk8;0;2,22;0;0,51;0;3,6;1,79
Klrg2;0,03;5,43;6,56;2,75;2,64;5,57;1,13
Kpna1;0,14;33,59;47,86;40,44;44,43;7,42;-0,06
Kpna4;0,2;3,35;9,26;2,56;5,01;4,41;0,72
Kri1;0,2;2,76;4,04;3,2;4,02;3,56;-0,08
Krt18;0,94;25,24;4,83;17,83;3,28;3,86;0,51
Krt28;0,05;4,54;8,79;3,14;6,42;5,54;0,47
Krt7;0,04;2,02;0;1,41;0,8;2,96;-0,12
Krt8;0,74;7,37;4,11;3,38;1,28;2,8;1,27
Krtap4-13;0;13,29;23,99;10,34;16,17;7,55;0,49
Kti12;2,97;15,7;40,57;17,88;42,2;3,2;-0,09
L1td1;0,52;17,09;15,09;16,62;18,16;4,72;-0,11
L2hgdh;0,45;10,52;14,16;8,63;11,94;4,5;0,26
Lamp2;4,36;27,82;62,81;30,61;64,98;3,35;-0,08
Larp1b;4,71;88,66;89,07;100,46;71,45;4,21;0,05
Lat2;0,19;5,94;10,6;7,39;11,42;4,87;-0,18
Lck;0;6,47;5,04;7,43;5,46;5,87;-0,16
Lcn9;0;0,28;2,08;0,41;0,84;3,68;0,83
Ldha;0,25;12,8;18,09;9,29;21,01;5,48;0,03
Ldhc;0,43;3,88;7,42;4,56;7,62;3,45;-0,11
Lect1;0,14;2,41;2,91;1,83;1,52;3,5;0,63
Lemd3;0,04;4,67;4,28;3,73;2,52;5,04;0,5
Lgals1;1,2;16,93;48,11;10,51;18,52;4,65;1,16
Lgals2;0;3,6;1,66;3,53;4,45;4,77;-0,58
Lgals3;1,16;13,58;14,82;9,4;12,2;3,51;0,39
Lhx1;0,02;3,25;1,19;2,19;1,83;4,24;0,14
Lias;0;9,15;12,54;10,81;11,73;6,77;-0,06
Limch1;0,3;1,62;3,06;1,43;3,58;2,61;-0,09
Lime1;0;1,53;0,88;1,16;1,26;3,71;0
Lin7b;0,47;3,76;2,3;2,49;3,01;2,46;0,14
Lmx1a;0,23;2,85;9,3;3,78;3,83;4,25;0,66
LOC100502924;4,3;97,01;146,24;106,18;98,75;4,79;0,25
LOC100504703;0;3,01;0,83;1,48;2,49;4,34;-0,04
LOC330599;0,02;1,09;4,35;1,49;3,42;4,55;0,14
LOC666331;0;0,85;1,49;2,34;2,93;3,67;-1,1
Lpar6;0,1;11,84;23,09;18,36;11,84;6,43;0,21
Lrpap1;3,57;22,29;24,06;18,49;25,42;2,67;0,08
Lrrc15;0;2,43;0,25;2,87;1,09;3,85;-0,53
Lrrc2;0,05;1,47;1,93;1,09;1,53;3,57;0,35
Lst1;0;10,87;24,55;10,46;21,56;7,48;0,14
Lta;0;2,03;1,65;3,13;1,39;4,28;-0,28
Lxn;0,07;6,5;9,81;8,73;8,06;5,63;-0,04
Ly6k;0;1,02;1,21;2,08;0,52;3,6;-0,21
Ly96;2,11;5,64;19,49;6,85;12,47;2,52;0,38
Lypd5;0;2,68;0,6;2,09;0,8;4,12;0,17
Lyrm2;0,26;7,98;6,55;9,88;6,6;4,35;-0,18
Lysmd1;0,08;2,93;4,31;3,6;4,56;4,37;-0,17
Lyz2;0,21;2,29;1,83;3,32;2,34;2,81;-0,44
Mad2l1bp;39,2;222,66;657,18;218,07;548,43;3,48;0,2
Maged1;0,55;10,76;6,59;11,08;3,43;3,75;0,26
Maged2;0,03;3,02;1,07;2,77;0,09;4,03;0,48
Mak16;0,53;62,59;104,81;85,82;91,85;7,04;-0,09
Mal;0,15;2,69;0,79;1,41;0,88;2,9;0,56
Malat1;3,38;18,74;42,17;20,3;41,96;3,14;-0,03
Malt1;0,17;2,11;0,89;1,79;1,15;2,56;0,03
Man1b1;0,12;2,14;1,46;1,57;1,2;3,14;0,35
Man2a2;0,19;1,92;1,77;1,5;1,42;2,72;0,31
Maneal;0,02;1,41;0,69;1,05;0,99;3,22;0,04
Map1lc3a;4;13,49;76,72;12,05;57;3,46;0,38
Map1lc3b;40,98;328,27;1250,98;414,71;1201,74;4,26;-0,03
Map2k3;0,48;7,96;13,43;8,23;10,46;4,22;0,19
Map3k3;0,06;4,77;4,21;3,36;2,49;4,84;0,6
Mapk13;0,6;7,63;3,07;5,94;6,18;2,96;-0,18
Marcksl1;0,63;6,2;7,73;5,62;9,75;3,27;-0,14
Mars2;0,35;4,03;3,93;3,49;2,46;3,18;0,41
Mc5r;0,06;4,63;1,83;2;1,22;4,36;0,96
Mcl1;2,16;12,79;23,89;10,51;21,99;3,03;0,17
Mcts1;0,89;5,7;7,63;5,53;4,3;2,78;0,43
Mcts2;0,1;20,55;49,02;26,39;44,15;7,44;-0,02
Mdh2;9,93;72,74;115,22;92,83;189,39;3,23;-0,59
Mdn1;0,08;2,81;2,76;2,18;3,01;4,01;0,1
Mdp1;0,85;9,99;18,93;12,55;20,27;3,94;-0,18
Med29;0,84;40,53;145,66;45,87;145,37;6,63;-0,04
Mef2a;0,2;3,85;8,53;3,05;6,53;4,4;0,36
Mesdc2;1,2;6,64;6,25;5,83;4,53;2,33;0,31
Mettl10;0,48;4,48;4,01;5,09;5,18;2,92;-0,27
Mettl11a;3,5;19,3;45,85;27,18;61,21;3,18;-0,44
Mettl2;0,73;10,77;18,68;11,42;21,11;4,16;-0,14
Mex3b;0,38;6,63;1,91;5,51;1,41;3,17;0,3
Mfap5;0,2;16,22;21,96;26,4;46,23;6,02;-0,92
Mfsd5;0,92;7,32;10,14;7,16;15,15;3,11;-0,35
Mfsd7b;0,03;3,97;4,11;2,59;2,88;4,99;0,55
Mfsd7c;0;2,6;6,6;3,3;3,87;5,55;0,35
Mgat2;0,22;16,55;20,52;21,62;19,47;5,87;-0,15
Mgll;0,03;4,27;6,5;3,31;11,35;5,36;-0,44
Micall1;0,01;2,36;2,51;2,29;2,55;4,54;0,01
Mill2;0;1,33;0,73;0,55;0,34;3,5;1,07
Mir1192;0;52,78;115,68;0;69,77;9,72;1,27
Mir1199;0;0;69,27;0;0;8,44;8,44
Mir17hg;0,08;4,98;3,76;7,36;5;4,61;-0,49
Mir680-2;0;367,91;0;0;1215,87;10,85;-1,72
Mkrn1;10,42;24,62;84,43;22,99;69,21;2,38;0,24
Mlh3;0,28;2,84;3,12;3,29;2,54;3,02;0,03
Mmp19;0,04;1,25;3,43;1,66;3,56;4,14;-0,15
Mns1;1,36;14,57;33,88;12,44;16,94;4,06;0,72
Mocs3;0;0,78;1,67;1,17;2,29;3,72;-0,47
Morc4;0,11;4,07;1,79;2,02;1,14;3,88;0,85
Mpdu1;0;3,39;5,38;3,41;10,13;5,49;-0,61
Mppe1;0,03;2,69;1,72;2,86;1,75;4,12;-0,06
Mpv17;0,35;6,23;8,5;8,88;7,26;4,04;-0,13
Mrm1;0,1;2,23;1,49;2,55;1,33;3,27;-0,06
Mrpl20;3,64;24,24;56,01;24,65;59,59;3,43;-0,07
Mrpl41;3;11,15;22,45;9,44;8,59;2,45;0,89
Mrpl43;0,82;14,76;20,56;13,41;20,62;4,27;0,05
Mrpl49;1,63;16,42;37,77;20,45;46,63;3,97;-0,31
Mrps24;2,44;6,42;22,63;7,39;29,05;2,53;-0,33
Mrps26;4,07;18,37;67,4;21,25;47,17;3,36;0,33
Mrps30;2,09;13,56;55,27;13,08;39,97;3,98;0,37
Mrps34;0;3,21;12,87;2,58;10,01;6,35;0,35
Mrps6;7,23;12,14;78,72;17,69;118,55;2,63;-0,58
Msh5;0,24;1,46;2,4;1,38;2,99;2,59;-0,17
Msx1as;0,09;4,62;1;1,64;0,41;3,94;1,38
Mt1;4,29;493,65;2899,18;646,76;2706,94;8,59;0,02
Mt2;3,43;188,88;1239,07;243,92;1131,17;7,66;0,05
Mta2;0,29;13,49;20,73;11,09;26,98;5,48;-0,15
Mtap6;0;2,47;0,39;3,19;0,23;3,94;-0,24
Mtap7d3;0,14;6,65;3,11;4,2;2,38;4,4;0,55
Mtch2;0,45;8,99;20,1;14,09;20,38;4,73;-0,24
Mtmr1;0,01;1,26;0,81;1,46;0,74;3,32;-0,09
Mttp;0,13;1,56;1,28;1,96;1,53;2,72;-0,28
Muc1;0,03;1,87;0,52;2;1,38;3,33;-0,46
Muc13;0;4,14;8,05;7,08;6,87;5,95;-0,19
Mum1l1;0,1;6,91;5,46;7,48;4,38;4,95;0,06
Mvk;0,12;10,21;5,63;7,24;7,55;5,18;0,1
Myadml2;0;1,46;2,68;0,91;1,17;4,44;0,93
Myc;0,11;3,41;1,65;2,88;1,99;3,67;0,05
Mycn;0;3,5;1,25;2,35;0,51;4,63;0,7
Myg1;0,69;3,78;15,93;7,35;13,44;3,65;-0,08
Myl3;0,09;4,11;0,49;1,95;1,78;3,69;0,28
Myl6;29,74;111,75;415,78;102,65;379,77;3,14;0,13
Myl7;0;2,92;1,02;2,29;1,7;4,37;-0,02
Myl9;0;3,84;0,22;2,87;1;4,41;0,06
Mylpf;0;12,74;11,65;18;18,24;6,94;-0,57
Myo1g;0;1,22;0,84;1,45;0,79;3,5;-0,11
Myo3a;0,41;2,79;13,69;2,75;12,27;4,03;0,13
N6amt2;1,04;7,34;16,79;7,13;10,92;3,42;0,42
Naa38;7,54;30,63;93,45;34,56;89,65;3,02;0
Naga;0;1,34;0,71;0,94;0,31;3,5;0,65
Naif1;0,2;0,56;2,44;0,58;2,57;2,42;-0,07
Nanos3;0;0,94;1,96;0,67;3,37;3,95;-0,45
Nans;4,71;19,74;46,93;16,67;32;2,8;0,45
Nap1l2;0,07;1,65;1,13;1,19;0,29;3,1;0,83
Narfl;0,25;1,48;2,12;3,16;2,26;2,44;-0,56
Ncapd2;1,1;6,92;10,84;7,83;8,65;2,9;0,11
Ncbp1;0,79;24,59;53,59;23,83;53,69;5,46;0,01
Ndrg1;0,33;8,07;1,47;6,74;2,67;3,51;0,02
Ndufa11;2,78;9,95;28,52;12,32;36,63;2,75;-0,35
Ndufa2;17,68;49,35;227,66;52,53;210,84;2,96;0,07
Ndufa9;3,49;21,95;38,08;22,27;33,1;3,07;0,12
Ndufaf1;0,14;1,63;1,67;1,81;1,55;2,85;-0,02
Ndufb10;2,92;12,72;22,17;22,82;21,78;2,54;-0,35
Ndufv2;5,4;18,95;38,93;19,48;28,87;2,4;0,26
Nefl;0,2;14,79;2,07;12,89;2,5;4,85;0,13
Neu1;0,16;2,16;0,61;2,06;1,71;2,5;-0,42
Neurl2;0;0,7;1,63;1,46;4;3,67;-1,16
Neurog2;0;2,41;1,44;1,03;0,29;4,34;1,42
Nfatc3;0,61;5,79;8,76;7,54;8,76;3,38;-0,16
Nfe2;0;3,74;1,29;2,67;1,28;4,71;0,34
Ngfrap1;0;5,85;1,28;6,81;2,89;5,19;-0,44
Nhp2;12,53;108,91;299,92;108,5;283,31;4,02;0,06
Nid2;0,05;1,62;2,18;2,09;1,91;3,74;-0,07
Nkapl;0;1,91;1,09;1,87;1,54;4;-0,18
Nle1;0,34;1,84;3,5;1,39;3,4;2,66;0,15
Nlrp12;0;1,59;0,79;0,84;0,65;3,69;0,62
Nlrp1a;0,77;2,48;6,6;2,65;5,19;2,42;0,21
Nlrp3;0,09;0,29;1,91;0,33;2,01;2,64;-0,08
Nlrp6;0,02;2,83;0,12;1,75;0,19;3,76;0,56
Nmb;1,08;25,87;45,94;19,37;36,35;4,93;0,37
Nme2;4,68;151,53;221,74;78,25;123,74;5,29;0,89
Nme4;0,27;6,43;3,04;4,51;1,7;3,7;0,59
Nmnat1;1,74;19,4;38,55;25,49;24,47;3,98;0,21
Nnat;0;0,84;2,26;0,35;0,47;4,04;1,69
Nob1;5,23;20,7;52,53;25,18;55,11;2,78;-0,13
Nol11;1,05;33,59;33,78;36,06;39,5;4,87;-0,17
Nop10;26,07;80,05;231,38;109,45;277,65;2,57;-0,31
Nop16;0,04;66,82;146,14;80,27;148,79;9,59;-0,11
Nop2;0,75;19,49;25,94;19,54;32,05;4,74;-0,18
Npc1l1;0;2,93;2;2,45;2,2;4,68;0,08
Npl;0,15;23,88;50,53;27,85;24,74;7,23;0,5
Npw;0;6,61;4,66;3,08;3,85;5,84;0,69
Npy;0;1,72;3,34;3,78;2,28;4,72;-0,25
Nr2c2;0,48;3,82;10,88;5,17;10,71;3,68;-0,11
Nrarp;0,35;1,64;3,5;2,12;3,88;2,58;-0,22
Nrp;0,06;1,46;2,77;1,73;4,18;3,76;-0,46
Nsun5;0,98;4,98;9,56;4,95;13,05;2,77;-0,3
Nt5c3l;0,39;3,93;1,29;4;1,66;2,46;-0,11
Nt5dc2;0,29;3,89;1,05;2,48;1,21;2,71;0,4
Nucb2;0,81;10,09;10,72;11,89;7,63;3,53;0,09
Nudcd2;1,9;8,78;12,02;7,57;10,86;2,39;0,17
Nudt22;0,45;19,8;23,47;15,64;14,56;5,31;0,52
Nufip1;3,19;15,76;35,2;17,11;31,23;2,96;0,08
Nup62cl;0;34,39;100,79;37,37;102,91;9,4;-0,05
Nupr1;0,43;87,5;82,34;99,66;74,25;7,33;-0,03
Nxf2;0,05;10,9;13,66;21,51;14,87;6,33;-0,56
Nxnl2;0;1,57;1,72;0,32;1,47;4,13;0,82
Obox3;0,51;123,71;1147,24;143,49;849,22;10,03;0,36
Obox6;0,05;148,15;408,24;209,89;353;10,84;-0,02
Ocln;0,55;7,77;7,12;6,36;7,54;3,53;0,1
Ocm;0,45;2,36;12,28;6,2;14,82;3,75;-0,52
Odf3b;0;2,02;0,29;2,92;1,26;3,66;-0,8
Oip5;0,31;10,92;39,61;16,26;31,41;5,97;0,08
Olfr1131;0;1,16;1,34;2,23;0,57;3,75;-0,15
Olfr118;0;1,98;7,8;1,78;5,71;5,64;0,38
Olfr120;0;0,68;3,09;0,66;1,71;4,31;0,62
Olfr1276;0;1,94;0,93;0,53;0,72;3,94;1,07
Olfr1277;0;1,13;1,65;1,17;0,58;3,9;0,6
Olfr1453;0;0,87;1,69;0,49;1,06;3,79;0,67
Olfr153;0;4,88;4,13;6,31;1,8;5,53;0,15
Olfr329-ps;0;1,46;2,44;1,27;2,99;4,36;-0,12
Olfr376;0;8,82;65,77;9,24;33,97;8,55;0,78
Olfr450;0;1,95;20,01;1,5;5,17;6,79;1,69
Olfr665;0;1,13;1,5;0,99;0,71;3,83;0,58
Olfr697;0;0,11;2,07;0,26;1,74;3,57;0,11
Olfr787;0;0,97;4,78;0,42;4,48;4,89;0,22
Olfr815;0;6,25;12,6;5,67;10,63;6,57;0,21
Olfr881;0,32;2,81;11,01;2,46;8,06;4,06;0,39
Oraov1;0,54;3,85;5,95;2,81;5,62;2,97;0,21
Ormdl3;0,06;5,14;3,08;2,59;3,46;4,68;0,43
Osbpl6;0,22;1,83;4,23;2,32;3,25;3,3;0,12
Osgep;0,08;0,5;3,86;2,81;5,2;3,63;-0,85
Osgin2;0,05;4,38;1,46;4,19;1,67;4,35;0
Ostb;0,21;1,92;2,28;2,04;4,45;2,81;-0,61
Otx2;0;1,48;0,57;0,66;0,19;3,5;1,12
Ovol2;0,06;11,51;18,38;8,92;12,01;6,57;0,51
Oxsr1;0,51;4,75;7,81;4,24;6,38;3,38;0,24
Oxt;0;0,85;1,31;1,01;2,03;3,56;-0,46
P2rx7;0;1;1,17;1,67;2,25;3,56;-0,8
P4ha2;0,2;14,97;22,5;9,4;17,96;5,98;0,45
Pabpc1;1,39;39,49;62,2;41,01;52,41;5,09;0,12
Pabpn1;81,06;223,62;665,55;226,19;528,87;2,45;0,24
Palm;0,05;1,87;0,48;2,1;1,79;3,07;-0,68
Pank3;2,79;15,17;51,57;17,25;43,26;3,53;0,14
Papolb;0,03;7,52;6,57;7,32;6,48;5,81;0,03
Parp10;0;2,45;3,2;2,72;3,15;4,87;-0,05
Pax6;0,52;5,12;1,09;3,72;0,6;2,36;0,5
Pax9;0,12;2,51;0,43;0,93;0,93;2,81;0,61
Pcdh7;0,03;2,99;0,41;2,4;0,27;3,76;0,33
Pcdhgb7;0;1,16;0,93;1,13;0,37;3,51;0,42
Pcgf5;2,67;35,25;193,78;44,6;167,03;5,37;0,11
Pck2;0,02;0,96;1,59;0,88;1,84;3,53;-0,09
Pcsk1n;0,18;1,46;8,65;1,52;8,03;4,22;0,08
Pdcd2;1,23;9,54;28,83;9,98;37,72;3,86;-0,31
Pde6a;0,29;3,34;5,99;3,45;4,62;3,59;0,2
Pdgfa;1,61;23,57;4,8;24,9;4,49;3,06;-0,05
Pdgfrl;0,49;5,02;36,47;4,08;55,51;5,15;-0,52
Pdp2;0,87;6,47;16,54;5,89;15,85;3,57;0,08
Pdxk;0,01;17,29;40,14;20;41,25;8,01;-0,09
Pdzk1ip1;0;2,72;0,42;0,84;0,85;4,06;0,81
Pemt;4,54;44,18;232,18;54,05;256;4,9;-0,17
Pepd;0,04;1,47;1,76;1,21;1,59;3,66;0,2
Pex10;0;1,35;1,64;1,29;1,86;4;-0,07
Pex16;3,5;19,02;31,03;18,71;24,98;2,8;0,19
Pgam2;0;0,38;2,09;0,37;0,08;3,73;2,01
Pgk2;0;0,83;1,92;0,66;0;3,88;1,77
Pglyrp1;1,76;15,23;99,95;20,48;73,33;4,96;0,3
Pgm3;0,84;8,35;16,96;8,97;15,03;3,75;0,08
Pgp;1,29;4,13;30,41;1,32;6,17;3,64;2,18
Phf11;0,57;5,81;24,73;6,2;21,38;4,53;0,15
Phf16;0,23;6,61;4,56;6,54;4,83;4,09;-0,03
Phf17;0,07;4,02;6,83;6,24;7,1;5,05;-0,29
Phkg2;2,49;5,25;22,89;4,06;12,33;2,45;0,77
Phlda2;20,62;112,57;225,4;106,17;167,01;3,03;0,31
Phrf1;1,8;9,43;9,61;8,06;10,24;2,34;0,06
Pi4k2a;1,32;4,96;10,2;4,41;7,23;2,44;0,38
Pi4k2b;0,02;5;7,15;5,54;7,42;5,68;-0,09
Pias3;0,39;3,25;2,2;2,01;1,46;2,54;0,63
Pif1;0,32;6,03;5,54;4,66;3,46;3,8;0,5
Pim3;0,24;4,44;7,85;4,84;8,37;4,2;-0,1
Pin1;0,02;10,49;17,05;3,92;8,85;6,9;1,1
Pin4;10,11;31,81;110,85;34,84;102,78;2,81;0,05
Pip5k1a;1,29;16,88;30,22;20,07;28,27;4,09;-0,04
Pitpnb;0,07;9,91;23,83;12,41;25,19;6,65;-0,16
Piwil2;0,31;2,24;2,89;2,46;1,84;2,69;0,24
Pla2g10;0,15;2,01;1,49;2,35;2,01;2,92;-0,3
Pla2g16;0;6,1;22,3;7,31;19,29;7,16;0,09
Pla2g1b;0;16,24;18,37;27,28;14,94;7,44;-0,29
Plac9;0;10,19;15,64;12,91;20,83;7,02;-0,38
Plb1;0;2,39;1,14;1,33;0,21;4,22;1,1
Plcd4;0,02;7;9,37;5,3;7,65;6,07;0,33
Plekhf1;0,09;2,71;2,61;2,15;1,98;3,88;0,35
Plekhf2;0,69;10,74;22,84;12,44;25,88;4,41;-0,19
Plekho2;0,02;2,57;1,17;2,81;2,79;4,05;-0,56
Plin2;2,91;10,13;22,14;11,58;14,6;2,43;0,3
Plk2;1,83;14,23;13,4;16,28;15,88;2,85;-0,22
Plp2;1,79;13,38;17,6;21,8;30,34;3,05;-0,75
Pls3;1,32;13,58;8,45;7,61;2,45;2,97;1,11
Plscr1;0,33;3,74;1,6;4,11;1,08;2,67;0,04
Plvap;0,23;1,75;3,98;1,58;5,18;3,18;-0,23
Pmaip1;0,26;3;4,65;4,08;4,3;3,43;-0,13
Pmpca;0,36;2,92;2,13;3,18;2,93;2,51;-0,26
Pnldc1;4,45;16,28;56,81;18,74;51,45;3,01;0,06
Pnlip;0;0,48;1,93;0,68;2,32;3,7;-0,3
Poglut1;1,35;8,03;7,63;9,21;7,29;2,45;-0,07
Polg2;0,13;1,8;1,73;1,56;1,24;3,03;0,32
Polh;0,4;3,32;4,33;2,84;4,71;2,99;0,02
Polr1b;1,18;5,29;7,5;5,02;5,84;2,35;0,23
Polr1c;4,03;76;171,65;74,85;157,9;4,91;0,09
Polr1e;3,8;21,86;58;23,85;47,14;3,36;0,17
Polr2e;17,19;72,42;164,8;69,65;181,32;2,78;-0,08
Polr2h;8,9;71,87;187,92;88,34;140,07;3,85;0,19
Polr2l;17,25;52,54;194,88;61,78;197,24;2,84;-0,07
Polr3g;1,79;9,59;17,07;11,68;16,98;2,83;-0,1
Pomc;0,3;4,93;5,28;5,05;11,85;3,72;-0,72
Popdc3;0,21;1,77;1,62;1,6;1,1;2,51;0,3
Porcn;0,07;2,66;2,95;2,59;1,72;4,08;0,37
Ppat;0,77;24,87;67,07;30,67;56,23;5,72;0,08
Ppcs;0;8,52;14,4;11,28;9,37;6,85;0,15
Ppm1g;3;15,5;25,54;17,92;35,74;2,73;-0,39
Ppp1cc;13,12;34,81;103,33;38,97;97,41;2,39;0,02
Ppp1r12c;0,11;1,27;0,92;1,79;0,94;2,53;-0,3
Ppp1r14a;0;0;4,55;1,09;2,2;4,57;0,45
Ppp1r15a;17,53;49,42;128,99;55,12;127,43;2,34;-0,03
Ppp1r15b;1,71;9,33;13,69;5,57;8,85;2,68;0,67
Ppp1r16a;0,02;2,08;1,24;1,39;0,99;3,82;0,45
Ppp1r2;1,18;8,44;25,11;7,47;19,18;3,72;0,33
Ppp1r2-ps7;0;0,68;6,38;1,64;7,16;5,18;-0,31
Ppp1r27;0,21;1,49;1,46;1;1,76;2,35;0,09
Ppp1r8;2,31;26,09;126,74;20,08;104,48;4,99;0,29
Ppp2cb;0,22;10,55;21;13,17;18,14;5,65;0,01
Pqlc2;0,35;5,48;7,01;6,6;9,91;3,81;-0,4
Praf2;0,71;4,12;8;4,95;5,62;2,93;0,2
Pramef17;2,59;7,36;28,35;5,96;17,19;2,74;0,62
Pramef6;1,47;21,89;45,53;14,92;28,71;4,43;0,63
Pramel1;0,03;1,26;2,72;1,22;2,11;4,05;0,25
Pramel3;0;1,8;2,61;3,14;3,4;4,53;-0,54
Pramel4;0,24;15,61;54,9;22,21;49,68;6,69;-0,03
Pramel5;0,06;11,69;20,98;17,04;13,57;6,68;0,09
Pramel6;0,09;13,41;63,95;14,58;27,39;7,69;0,88
Pramel7;0,04;33,68;61,19;46,96;48,26;8,45;-0,01
Prcc;1,15;4,03;9,36;3,56;9,84;2,45;0
Prdm14;0;0,76;3,15;0,74;3,29;4,36;-0,04
Prdx4;0,31;44,59;97,61;51,34;117,89;7,45;-0,25
Prdx6;2,27;23,39;51,91;23,1;33,11;4;0,42
Prelid2;1,38;8,26;81,33;10,64;54,51;4,92;0,46
Prkcd;1,4;9,05;16,62;4,98;8,77;3,11;0,89
Prmt1;1,44;5,84;14,07;7,78;16,35;2,7;-0,28
Prmt6;0,1;9,81;22,77;14,46;24,56;6,34;-0,26
Prnd;0;2,43;1,53;0,85;0,24;4,38;1,7
Prnp;0,12;5,1;5,24;5;5,62;4,59;-0,04
Prorsd1;1,3;6,46;9,48;11,64;8,49;2,53;-0,33
Prosc;1,08;15,23;21;11,28;16,32;3,94;0,39
Prph;0,11;5,39;0,62;2,18;0,15;3,87;1,29
Prps1;0,6;79,26;438,75;107,53;447,81;8,53;-0,1
Prr11;0,47;10,66;29,13;17,29;32,92;5,13;-0,33
Prr23a;3,54;24,73;244,35;27,88;175,59;5,21;0,4
Prrg2;0,38;4,32;7,88;4,2;6,03;3,7;0,25
Prrx2;0;2,21;0,74;3,2;3,17;3,97;-1,07
Prss46;0;1,09;1,38;2,6;2,23;3,74;-0,91
Prss8;0;9,92;8,8;6,88;8,14;6,56;0,31
Prtn3;0;8,19;2,99;4,16;2,84;5,83;0,66
Psat1;0,15;35,96;63,58;28,34;48,43;7,64;0,37
Psmb1;22,95;83,41;232,23;116,48;256,04;2,78;-0,24
Psmb10;0,11;3,91;3,19;5,22;2,64;4,11;-0,14
Psmb5;6,14;20,11;47,67;24,59;40,98;2,45;0,05
Psmb9;0;2;0,81;2,18;1,47;3,92;-0,35
Psmc3ip;3,71;18,88;51,09;22,45;38,66;3,2;0,2
Psmd13;0,52;6,21;5,71;8,65;6,11;3,29;-0,3
Psme1;0,15;5,41;3,09;8,19;4,94;4,1;-0,61
Psme2;2,21;30,73;27,93;32,29;23,74;3,67;0,07
Psmg2;0,14;4,36;4,55;4,79;7,21;4,26;-0,42
Pspc1;1,14;6,93;22,37;8,01;19,06;3,57;0,11
Ptdss2;4,64;21,56;48,39;16,56;42,37;2,89;0,25
Pth;0;1,13;1,72;0,69;0,46;3,94;1,19
Ptpmt1;0,05;2,7;9,26;5,17;13,1;5,31;-0,6
Ptrf;0,31;6,05;1,95;3,38;1,06;3,31;0,82
Ptrh1;0,17;17,77;29,05;14,23;18,43;6,46;0,52
Pttg1ip;11,53;42,85;90,85;48,55;115,84;2,53;-0,3
Purb;0,11;7,93;6,88;9,21;5,44;5,14;0,02
Pus1;0,59;5,99;6,16;5,63;5,37;3,17;0,14
Pusl1;1,56;9,85;11,17;10,94;16,28;2,67;-0,37
Pwp1;1,41;20,91;53;20,7;53,33;4,62;0
Pygm;0;6,37;4,1;6,65;4,99;5,74;-0,15
Pyy;0;21,96;3,73;8,19;2,86;7,02;1,2
Pzp;0,07;1,12;2,48;1,98;2,97;3,52;-0,44
Qpctl;0,22;3,3;4,77;1,55;2,09;3,71;1,11
Qrsl1;0,13;2,12;2,03;1,67;1,39;3,22;0,42
Rab1;4,15;22,04;51,72;21,75;37,26;3,12;0,32
Rab13;0,82;9,37;6,9;7,64;8,6;3,16;0
Rab19;0,16;8,13;8,6;7,04;9,23;5,03;0,04
Rab20;0,12;47,1;59,96;32,65;74,72;7,96;0
Rab34;0,1;10,2;9,56;12,71;10,83;5,63;-0,25
Rab39;0;7,78;18,86;7,51;12,39;7,07;0,42
Rab40b;0,11;1,28;0,93;3,68;1,83;2,54;-1,25
Rab40c;0,29;2,05;3,18;2,47;2,45;2,81;0,08
Rab43;0,09;1,76;1,31;1,62;1,95;3,14;-0,2
Rab5a;4,47;12,06;47,85;12,08;47,63;2,72;0,01
Rab7l1;0,54;15,22;8,58;10,25;6,07;4,23;0,54
Rabep2;0,08;2,87;1,97;2,85;1,95;3,84;0,01
Rabgef1;3,16;16,73;34,79;13,13;31,12;2,99;0,22
Ramp2;0,09;2,27;1,39;1,9;2,2;3,35;-0,16
Ranbp6;0,15;3,04;1,49;4,26;1,76;3,23;-0,4
Rangap1;1,82;11,28;8,22;7,97;6,29;2,36;0,45
Rarg;0,15;2,84;2,23;3,2;2,58;3,4;-0,19
Rasd1;0,08;1,95;0,52;3;0,92;2,86;-0,62
Rasl10a;0;3,58;1,94;3,28;0,45;4,84;0,54
Rasl11a;0,32;2,79;1,85;4,16;7,06;2,52;-1,24
Rassf7;0,04;3,55;1,72;1,31;1,9;4,24;0,68
Rbbp6;6,6;70,43;95,16;71,3;77,67;3,63;0,15
Rbm10;0,78;30,66;26,17;18,67;10,29;5,02;0,97
Rbm41;0,32;2,05;2;2,62;2,07;2,34;-0,21
Rbm5;6,93;48,71;64,81;49,01;64,4;3,02;0
Rbm8a;11,18;54,1;198,92;69,31;162,93;3,49;0,12
Rbmx;0,47;13,59;30,79;13,78;28,01;5,28;0,09
Rbmx2;3,52;26,47;60,02;31,32;59,92;3,58;-0,08
Rbmxl2;0,19;0,49;2,56;0,41;2,21;2,51;0,21
Rbp7;0;35,59;54,2;45,81;75,46;8,81;-0,43
Rcn3;0,05;5,88;4,27;5,32;2,53;5,14;0,37
Rdm1;0,4;20,06;35,1;20,07;36,89;5,8;-0,05
Renbp;0,1;17,12;42,39;18,7;39,46;7,22;0,03
Rfpl4b;0,35;53,98;422,37;85,73;298,7;9,05;0,31
Rgs11;0;2,16;2,44;2,19;2,98;4,58;-0,16
Rgs16;0,17;1,34;1,43;1,75;1,59;2,49;-0,25
Rhbdl2;0;0,88;3,88;1,59;6,07;4,63;-0,66
Rhcg;0;4,45;4,72;3,99;4,61;5,55;0,09
Rhebl1;7,21;32,03;65,73;37,12;55,93;2,74;0,07
Rhox9;0;3,94;0,79;2,84;3,65;4,63;-0,44
Rilpl2;0,06;23,46;41,9;28,25;38,05;7,72;-0,02
Ripk4;0,05;2,96;0,5;3,32;0,85;3,58;-0,25
Rlf;3,14;13,41;22,71;14,19;20,13;2,48;0,07
Rln1;0;2,55;3,29;3,84;6,85;4,92;-0,85
Rmnd5b;1,76;10,87;17,66;10,94;17,05;2,95;0,03
Rnd2;0,12;2,15;0,92;1,74;2,59;2,87;-0,47
Rnd3;0,94;15,52;12,26;7,48;2,26;3,75;1,49
Rnf11;0,46;34,69;154;39,25;134,06;7,4;0,12
Rnf113a1;0,32;3,24;2,12;2,89;1,4;2,72;0,31
Rnf125;3,82;37,47;108,28;44,57;80,87;4,22;0,22
Rnf149;0,24;7,27;2,73;7,03;4,13;3,92;-0,16
Rnf7;9,25;47,15;143,53;52,69;143,11;3,35;-0,04
Rnh1;0,22;3,66;0,99;4,63;2,22;2,92;-0,54
Rnmtl1;0;1,61;1,05;2,33;1,73;3,84;-0,57
Rpa2;15,06;47,17;130,74;41,86;92,28;2,55;0,41
Rpgrip1;0,57;2,92;4,65;3,28;3,57;2,53;0,14
Rpl10a;6,28;38,13;46,24;53,36;63,03;2,73;-0,46
Rpl10l;0,58;23,11;49,48;24,6;60,18;5,74;-0,22
Rpl12;3,32;48,05;80,47;66,25;89,12;4,24;-0,27
Rpl18;6,55;54,2;171,05;67,82;176,75;4,08;-0,12
Rpl19;37,42;102,87;382,07;139,06;415,52;2,69;-0,19
Rpl22l1;2,67;16,7;25,44;23,11;23,18;2,93;-0,13
Rpl23;3,87;89,55;171,44;117,89;180,65;5,04;-0,19
Rpl23a;5,59;162,97;299,06;206,36;299,32;5,34;-0,13
Rpl24;24,95;166,47;550,1;216,24;435,5;3,84;0,14
Rpl26;0;2,46;7,26;9,71;12,01;5,62;-1,14
Rpl27a;6,59;42,38;55,39;55,16;63,71;2,87;-0,28
Rpl3;5,87;32,99;33,38;39,95;24,13;2,48;0,05
Rpl30;2,98;34,02;72,66;38,65;62,22;4,12;0,08
Rpl34;30,28;88,82;242,21;83,28;264,66;2,45;-0,07
Rpl35;79,82;228,5;816,6;273,83;765,89;2,71;0,01
Rpl35a;24,91;95,5;187,01;108,88;177,85;2,5;-0,02
Rpl36al;59,39;147,7;572,5;198,26;637,87;2,6;-0,22
Rpl37a;33,22;130,09;598,08;157,14;592,59;3,45;-0,04
Rpl38;18,99;138,78;462,06;189,81;616,64;3,98;-0,42
Rpl39;19,54;149,55;472,72;176,43;521,82;3,99;-0,17
Rpl3l;0;2,81;7,38;3,75;5,29;5,7;0,17
Rpl41;101,3;1228,32;6120,93;1488,82;5757,93;5,18;0,02
Rpl6;19,74;76,69;137,81;86,89;143,21;2,44;-0,1
Rpl7;13,43;66,94;117,94;83,1;112,11;2,77;-0,08
Rpl8;11,48;68,29;110,18;83,62;98,87;2,95;-0,03
Rpl9;1,38;74,58;165,91;74,78;190,7;6,35;-0,14
Rplp0;54,95;496,49;1534,57;501,34;1417,27;4,21;0,08
Rplp1;30,01;254,04;545,26;299,16;743,43;3,73;-0,38
Rpp25;0;21,29;69,95;27,47;69,45;8,84;-0,09
Rpp40;2,14;7,5;24,26;10,21;16,66;2,84;0,24
Rprd1b;0,47;11,47;15,61;10,23;13,32;4,58;0,2
Rprl3;0;1,08;1,18;2,11;4,27;3,62;-1,42
Rps11;65,1;154,93;924,02;229,31;956,13;3,05;-0,14
Rps13;23,25;199,28;537,88;261,45;556,99;3,98;-0,15
Rps15;10,47;96,82;297,54;122;324,21;4,22;-0,18
Rps17;7,22;116,74;385,48;151,84;398,86;5,1;-0,13
Rps18;20,61;104,55;108,22;139,84;141,77;2,36;-0,4
Rps19;2,68;299,64;471,82;356,82;535,55;7,12;-0,21
Rps20;11,2;146,25;301,34;218,77;295,74;4,31;-0,2
Rps21;38,08;188,54;384,7;228,08;496,83;2,91;-0,34
Rps23;24,58;169,09;257,15;189,67;308,82;3,11;-0,23
Rps25;32,42;114,62;611,61;137,04;610,66;3,48;-0,04
Rps26;18,04;377,34;778,32;477,64;841,54;4,99;-0,19
Rps27;6,18;162,3;377,44;155,67;287,25;5,43;0,29
Rps27a;3,14;99,19;257,63;113,63;232,9;5,79;0,04
Rps29;35,96;223,53;661,92;270,25;811,95;3,62;-0,29
Rps3;1,51;32,31;72,61;37,86;79,15;5,03;-0,16
Rps3a;41,07;144,94;537,19;200,83;549,5;3,05;-0,14
Rps4y2;8,14;25,42;121,83;30,34;96,66;3,16;0,21
Rps5;28,52;98,99;234,81;111,71;228,51;2,54;-0,03
Rps9;26,36;103,25;265,88;128,01;245,22;2,8;-0,02
Rpsa;1,21;28,35;45,65;40,08;40,12;4,82;-0,12
Rpusd1;0,75;6,57;7,53;6,68;5,84;3,08;0,17
Rrp9;2,97;30,06;75,92;30,6;63,2;4,11;0,18
Rsph1;0,06;4,81;5,37;3,45;4,46;5;0,35
Rtn2;0,07;12,32;16,03;8,22;9,83;6,39;0,65
Rundc1;0,04;1,65;1,76;1,66;0,77;3,7;0,46
Rusc1;1,24;8,74;9,52;5,96;6,26;2,78;0,57
Ruvbl1;7,36;51,11;103,88;51,11;79,08;3,38;0,25
Rwdd4a;3,29;18,69;51,65;18,54;38,8;3,38;0,29
S100a1;0;4,6;0,72;1,83;1,45;4,79;0,67
S100a10;0,27;5,84;1,43;3,85;6,92;3,34;-0,55
S100a13;0;6,92;10,85;7,74;7,53;6,49;0,22
S1pr5;0,05;1,65;0,7;1,47;0,69;3,08;0,12
Saa3;0;0,97;4,1;2,04;3,85;4,72;-0,21
Sac3d1;0,61;5,26;32,35;8,87;41,07;4,74;-0,41
Sardh;0;2,47;1,41;1,68;2,18;4,35;0,01
Sat1;17,36;91,54;376,68;90,92;293,93;3,75;0,28
Sat2;0;3,35;1,08;2,77;1,39;4,54;0,09
Sbno1;4,71;23,8;37,25;24,09;34,62;2,67;0,06
Scand1;4,83;6,83;240,31;8,44;238,63;4,65;0
Scarf1;0,02;2,01;1,59;1,44;0,93;3,96;0,57
Scarna3a;0;0;152,5;0;0;9,58;9,58
Sccpdh;0;4,65;3,46;6,71;1,12;5,38;0,05
Scd1;0,04;6,88;12,14;7,67;13,4;6,12;-0,15
Scd2;0,08;3,03;1,35;1,36;0,51;3,68;1,15
Scg5;0,23;0,52;2,66;1,02;3,32;2,35;-0,43
Sco2;1,61;10,35;9,58;9,93;18,05;2,56;-0,48
Sct;0,2;9,89;4,76;13,83;5,75;4,63;-0,41
Sdc4;0,1;1,66;0,88;1,09;1,01;2,75;0,25
Sdr39u1;0,12;3,64;2,66;1,87;1,43;3,91;0,89
Sec61a2;0,33;15,01;28,59;13,35;33,09;5,68;-0,09
Sept4;0;1,85;0,64;1,97;0,53;3,75;0
Sept6;0,34;6,68;5,22;7,99;6,13;3,8;-0,24
Sepx1;2,62;12,74;84,91;11,79;61,75;4,17;0,41
Serp1;9,51;22,64;95,64;26,05;85,01;2,62;0,09
Serpinb1a;0,38;4,04;1,38;3,46;2,35;2,56;-0,1
Serpinf1;0,05;2,06;1,09;0,77;1,13;3,52;0,67
Serping1;0;2,95;2,58;1,21;0,79;4,84;1,38
Sertad1;0,42;27,22;88,21;31,97;81,86;6,79;0,02
Sesn1;0,54;6,3;5,42;6,42;4,96;3,22;0,04
Sesn2;0,84;17,93;20,69;12,86;20,7;4,37;0,2
Set;7,72;92,21;242,79;77,78;174,78;4,42;0,41
Sf3b5;18,37;70,33;187,84;93,12;225,46;2,81;-0,3
Sfi1;4,8;33,27;49,37;34,88;45,09;3,08;0,05
Sfmbt2;0,25;3,09;1,21;1,75;0,98;2,67;0,61
Sfn;2,22;20,11;27,88;18,32;20,45;3,38;0,31
Sgk3;0,15;7,94;14,38;11,68;13,01;5,47;-0,14
Sgms2;0,83;5,25;4,79;6,49;3,74;2,46;-0,03
Sgpl1;0,03;1,58;2,21;1,45;1,29;3,94;0,44
Sgpp1;0,45;5,18;8,06;5,43;8,06;3,61;-0,03
Sh3bgr;0,11;0,63;1,39;0,89;0,79;2,43;0,24
Sh3bp5l;0,06;1,6;0,57;1,15;0,64;2,86;0,24
Shbg;0,05;1,43;7,38;3,14;8,95;4,92;-0,45
Shisa2;0,12;2,39;0,02;2,45;0,57;2,57;-0,3
Shmt1;1,11;29,02;51,35;25,59;52,09;5,06;0,05
Sike1;0,07;3,35;8,13;4,53;10,44;5,12;-0,38
Sip1;0,99;6,45;10,89;7,87;6,31;3,01;0,29
Six1;0,07;8,14;4,05;3,5;0,9;5,22;1,43
Six4;0,04;1,79;1,69;1,88;2,09;3,68;-0,18
Skil;0,05;5,68;2,46;7,07;1,8;4,84;-0,12
Slc11a1;0;2,71;2,81;2,93;2,8;4,84;-0,05
Slc13a2;0;1,75;3,87;3,25;5,16;4,86;-0,57
Slc16a6;0,33;26,35;45,12;25,28;40,91;6,39;0,11
Slc19a3;0,23;28,94;65,7;40,24;66,61;7,15;-0,17
Slc1a1;0,6;7,3;10,37;3,83;5,79;3,67;0,86
Slc1a5;0;2,38;2,72;2,91;6,25;4,73;-0,82
Slc22a20;0,03;3,26;3,43;4,99;4,93;4,67;-0,56
Slc22a28;0,39;0,83;8,63;1,3;6,64;3,29;0,25
Slc25a25;0,56;7,28;7,76;6,27;6,51;3,53;0,23
Slc25a28;0,98;10,41;29,48;11,13;19,52;4,22;0,38
Slc25a33;1,2;4,88;17,41;6,06;18,46;3,12;-0,14
Slc25a36;0,95;8,26;23,55;8,7;25,62;3,94;-0,11
Slc25a41;0;2;0,76;1,62;1,49;3,89;-0,16
Slc25a43;0;2,4;0,7;3,89;2,26;4,04;-0,95
Slc27a5;0,06;1,51;2,46;1,51;2,11;3,75;0,13
Slc2a3;0;3,11;2,89;3,13;2,85;4,95;0
Slc2a8;0,06;1,93;1,98;1,04;0,28;3,66;1,43
Slc30a6;0,75;6,16;8,72;8,29;10,75;3,14;-0,35
Slc34a2;0,07;39,63;51,45;37,79;40,39;8,04;0,22
Slc35e2;0,21;1,63;2,03;2,2;1,71;2,63;-0,09
Slc35e3;0,05;8,38;48,74;9,05;36,59;7,54;0,32
Slc39a1;0,17;2,18;1,67;1,62;2,15;2,94;0,04
Slc39a4;0,2;2,68;4,95;1,71;2,94;3,69;0,69
Slc40a1;0;3,78;2,26;3,39;1,54;4,96;0,29
Slc43a2;0,25;2,15;1,27;0,75;0,79;2,35;1,06
Slc4a11;0;1,31;1,09;1,5;1,09;3,7;-0,1
Slc5a11;0,03;0,95;1,42;1,88;1,5;3,34;-0,47
Slc5a4b;0,12;1,35;3,74;2,16;2,33;3,57;0,17
Slc5a6;0,8;19,69;14,78;16,66;16,88;4,27;0,04
Slco4c1;1,45;10,77;15,07;8,38;12,11;3,07;0,33
Slfn10-ps;0,02;1,5;1,46;1,76;1,11;3,75;0,04
Slfn2;0,08;1,54;0,76;1,04;1,12;2,79;0,08
Slpi;0;3,32;4;2,41;2,1;5,23;0,67
Sltm;2,21;25,68;43,76;32,18;34,91;3,91;0,05
Smad7;0,01;5,98;6,42;5,18;6,64;5,79;0,07
Smarca5-ps;2,33;36,68;22,06;41,65;19,73;3,6;-0,06
Smtn;0,02;2,73;1,66;1,17;0,58;4,28;1,25
Snapc2;1,22;25,52;30,3;25,61;45,3;4,41;-0,34
Snapc3;4,8;24,63;78,01;25,89;75,02;3,39;0,02
Snf8;2;20,48;31,11;23,27;34,6;3,63;-0,16
Snhg1;2,91;58,01;128,98;86,53;133,86;4,96;-0,24
Snhg11;0,02;1,76;2,27;1,28;1,74;4,13;0,39
Snhg12;0,3;26,77;42,35;28,58;31,1;6,44;0,21
Snhg3;1,05;15,37;46,85;20,88;55,21;4,76;-0,29
Snhg4;0,31;5,57;9,75;7,03;10,71;4,23;-0,21
Snhg5;1,55;69,87;103,41;96,1;115,77;5,72;-0,29
Snhg6;4,56;31,41;27,19;42,66;37,91;2,66;-0,46
Snhg7;0,55;6,49;3,65;9,22;4,07;2,98;-0,38
Snhg9;0;39,09;124,94;57,53;124,87;9,68;-0,15
Snip1;0,67;13,68;17,75;12,77;18,14;4,37;0,02
Snora21;41,17;401,02;338,07;302,69;407,79;3,16;0,06
Snora23;0;25,38;17,38;37,36;33,55;7,75;-0,73
Snora26;0;179,16;0;71,19;0;9,81;1,33
Snora28;0;105,56;57,84;0;0;9,68;9,68
Snora30;0;309,12;677,55;606,63;408,64;12,27;-0,04
Snora31;0;0;453,95;135,48;0;11,15;1,74
Snora34;0;0;76,25;68,27;0;8,58;0,16
Snora47;284,42;2699,21;1362,31;2578,82;1032,89;2,84;0,17
Snora52;0;21,15;0;0;55,92;6,74;-1,39
Snora62;0;0;33,81;60,54;0;7,41;-0,84
Snora64;0;307,68;0;0;0;10,59;10,59
Snora65;0;0;152,5;0;0;9,58;9,58
Snora75;0;0;93,64;0;225,91;8,87;-1,27
Snora78;0;14,68;72,41;21,61;38,82;8,77;0,53
Snora7a;0;57,68;63,21;84,89;38,12;9,24;-0,03
Snora81;0;80,27;31,42;61,88;15,16;9,13;0,53
Snord15b;0;12,03;0;0;15,9;5,93;-0,4
Snord17;1,89;8,49;12,41;2,78;9,35;2,41;0,77
Snrnp25;1,9;24,86;74,82;21,54;51,93;4,64;0,44
Snrnp35;0,6;17,25;24,77;23,6;26,5;4,91;-0,25
Snrpb;1,94;30,34;67,41;27,02;66,98;4,59;0,06
Snrpc;20,71;228,36;1072,27;252,55;851,63;4,97;0,24
Snrpd2;9,84;143,47;401,95;162,48;349,65;4,78;0,09
Snta1;0,46;4,64;1,09;6,39;1,4;2,4;-0,43
Snx5;1,09;16,56;27,54;21,23;26,3;4,22;-0,11
Socs2;0,44;19,56;10,98;19,76;11,88;4,84;-0,05
Socs3;0,3;4,81;4,64;3,55;3,51;3,58;0,41
Sord;0,34;9,14;10,04;11,81;7,15;4,45;0,02
Sowaha;0;1,5;3,74;2,3;4,48;4,77;-0,36
Sowahc;0;3,41;3,94;2,36;1,94;5,24;0,74
Sp140;5,67;31,19;104,11;32,35;71,27;3,55;0,38
Sp6;0;5,37;4,05;5,52;5,74;5,59;-0,25
Spag9;0,63;3,21;4,04;3,33;4,13;2,36;-0,04
Spata22;0,06;1,66;1,13;2,07;0,6;3,27;0,06
Spats1;0;1,39;1,73;1,64;3,5;4,05;-0,69
Spdyb;0,04;0,66;2,58;0,43;2,28;3,66;0,25
Speer1-ps1;0,33;1,43;4,04;2,7;1,95;2,72;0,22
Speer4e;0,63;3,34;6,19;3,57;3,85;2,74;0,35
Speer7-ps1;0,54;8,79;62,06;11,4;62,3;5,8;-0,06
Speer8-ps1;0,13;1,89;7,16;2,18;6,14;4,33;0,12
Spg7;0,3;2,57;4,1;2,88;4,03;3,1;-0,05
Sphk1;0;3,61;0,18;3,07;0,74;4,31;-0,01
Spic;0,39;100,78;387,99;127,49;328,05;8,96;0,1
Spin2;0;2,97;0,7;1,89;0,37;4,28;0,66
Spink2;0,74;9,16;19,1;11,47;16,04;4,09;0,04
Spn;0;1,96;0,35;2,07;0,25;3,64;-0,01
Spnb3;0;1,3;0,85;1,02;0,46;3,55;0,48
Spns1;0,43;9,69;14,93;7,8;14,79;4,56;0,12
Spp1;0,15;3,86;2,67;2,43;1,06;3,77;0,87
Sprr2d;0;1,13;3,71;3,51;3,6;4,66;-0,53
Sprr2e;0;0,51;3,78;2,79;4,02;4,49;-0,64
Spry2;0;1,87;1,54;0,74;0,28;4,18;1,57
Spryd4;0;4,44;3,34;3,44;2,4;5,32;0,4
Spz1;0;28,67;53,2;30,9;31,96;8,68;0,38
Srd5a1;0,26;3,49;2,37;3,2;2,77;3,06;-0,02
Srr;1,38;6,44;8,5;9,54;8,4;2,35;-0,26
Srsf1;4,01;13,37;44,34;13,35;45,73;2,82;-0,03
Srsf7;11,19;73,87;242,24;88,75;191,15;3,81;0,18
Stac2;0,02;7,31;5,09;5,74;6,22;5,71;0,05
Steap1;0,18;6,35;5,04;5,76;3,3;4,4;0,33
Stfa1;0;1,72;1,65;1,06;0;4,16;1,51
Stil;2,54;12,98;19,03;8,74;10,75;2,61;0,71
Stk16;0,13;2,86;2,61;2,42;4,41;3,62;-0,31
Stk17b;0,02;4,94;9,84;7,43;13,29;5,97;-0,48
Stk19;0,88;8,13;24,11;7,23;14,1;4,05;0,59
Stmn3;0,06;16,38;58,75;11,49;44,87;7,85;0,41
Stox1;0,22;2,13;7,24;2,68;5,3;3,89;0,23
Stx1b;0;1,26;1,41;1,93;0,98;3,85;-0,12
Sult2b1;1,08;7,81;15,55;5,51;15,17;3,32;0,17
Supt4h1;38,41;154,81;696,05;192,02;666,92;3,47;-0,01
Suv420h1;1,73;10,52;16,2;11,29;16,21;2,88;-0,04
Sva;0;2,51;35,13;2,96;39,18;7,56;-0,16
Svs4;0;1,22;1,07;0,12;0,8;3,63;1,15
Syap1;0,7;21,63;44,37;23,07;50,73;5,38;-0,16
Syce3;0;2,07;0;1,66;0,5;3,5;-0,06
Sycp1-ps1;0,08;0,73;2,57;1,4;1,5;3,27;0,18
Syde2;0,16;2,24;0,83;2,25;0,47;2,67;0,16
Syncrip;1,82;29,89;41,15;27,79;47,23;4,21;-0,08
Syngr1;0,1;1,47;1,55;0,78;3,11;3,03;-0,35
Synm;0,31;1,84;2,54;2,54;2,91;2,47;-0,31
Syp;0,03;1,51;2,06;1,69;1,53;3,9;0,14
Tacr3;0,05;7,24;15,72;9,27;14,46;6,28;-0,05
Taf10;29,89;32,02;368,79;37,13;356,99;2,74;0,02
Taf1d;28,11;143,95;250,31;188,28;241,92;2,81;-0,13
Taf7l;0;3,88;1,01;4,18;1,35;4,67;-0,17
Tagln2;0,4;7,44;2,84;8,37;3,73;3,39;-0,23
Tatdn1;0,1;0,99;6,6;2,21;5,74;4,27;-0,07
Tatdn3;0,92;5,68;9,98;7,8;8,72;2,97;-0,08
Tbc1d12;0,04;7,67;9,41;7,79;9,38;5,91;-0,01
Tbc1d9;0,02;1,35;2,42;0,94;1,8;4,01;0,44
Tbcc;1,47;10,08;48,37;12,21;51,68;4,22;-0,13
Tbl2;0,11;6,38;5,66;5,13;4,32;4,84;0,34
Tbl3;0,99;10,09;10,6;8,61;14,37;3,26;-0,15
Tbrg3;0,02;2,05;0,59;1,43;0,63;3,53;0,33
Tbx20;0,05;3,04;1,83;0,85;0,07;4,1;2,18
Tbx3;0,55;6,87;5,12;4,53;2,15;3,23;0,82
Tbxa2r;0;1,57;3,53;1,31;5,04;4,73;-0,3
Tceal7;0;1,74;0,64;0,51;0,77;3,69;0,8
Tceb2;5,18;108,6;330,71;149,51;368,5;5,38;-0,24
Tceb3;8,71;44,21;82,88;37,56;72,19;2,85;0,21
Tcf15;0,41;1,04;4,56;0,6;3,72;2,51;0,36
Tcf19;0;1,35;0,86;1,41;1,41;3,58;-0,33
Tcfl5;0,12;2,27;5,33;3,15;4,13;4,16;0,06
Tchh;0,22;4,29;10,76;5,59;8,53;4,58;0,09
Tcirg1;0,09;4,26;2,69;3,51;3,07;4,2;0,07
Tcp11;0;1,72;1,54;1,21;2,27;4,11;-0,09
Tdh;0,39;3,37;5,16;3,26;4,87;3,17;0,07
Tdp2;5,81;24,05;58,25;25,06;54,37;2,8;0,05
Tdpoz1;0,08;33,29;91,04;45,64;70,94;8,4;0,09
Tdpoz2;0,07;15,78;52,48;15,39;42,32;7,68;0,24
Tdpoz3;0;22,39;39,45;23,73;34,79;8,28;0,08
Tdpoz4;0;32,32;103,7;38,47;76,55;9,41;0,24
Tdpoz5;0,43;46,77;269,14;49,51;214,25;8,21;0,26
Tead4;0,02;2,64;2,62;3,25;1,72;4,49;0,08
Tec;0;2,49;0,93;2,91;2,44;4,18;-0,61
Tef;0,06;1,13;2,43;2,17;2,36;3,57;-0,33
Tekt2;2,56;12,65;15,22;15,71;9,88;2,4;0,12
Tex13;0,25;4,15;7,01;3,94;9,46;4,04;-0,26
Tfpi;0,97;5,03;7,6;2,95;2,73;2,59;1,13
Tfpi2;0,05;2,37;4,05;2,7;4,44;4,51;-0,15
Tfrc;1,98;41,91;48,2;45,25;44,12;4,44;0,01
Tgs1;1,75;39,04;63,12;50,82;55,38;4,79;-0,06
Thoc5;3,71;15,53;34,1;17,49;27,76;2,71;0,13
Ticam2;0;1,73;1,7;1,07;1,6;4,18;0,33
Timd2;0,16;37,27;113,54;45,42;114,34;8,18;-0,08
Timm10;4,67;19,52;33;26,4;43,66;2,47;-0,41
Timm22;0,15;3,82;3,4;4,14;3,36;3,91;-0,05
Timp1;0,09;1,5;1,07;1,98;2,41;2,88;-0,74
Tjp3;0,02;2,01;1,2;2,29;2,02;3,81;-0,41
Tktl1;0,29;16,74;40,77;16,81;36,17;6,23;0,12
Tle3;0;1,94;1,36;0,56;0,42;4,13;1,57
Tm4sf1;0,03;3,72;0,71;0,89;0,55;4,11;1,5
Tm4sf5;0;0,52;1,52;0,68;1,07;3,49;0,21
Tmc6;0;1,73;0,8;2,35;0,67;3,78;-0,23
Tmco2;0;1,39;6,48;2,9;3,56;5,34;0,28
Tmed4;0,79;19,53;14,93;17,82;14,27;4,29;0,1
Tmed5;4,89;33,98;69,88;29,99;60,26;3,38;0,2
Tmed6;0;9,88;26,46;11,75;25,22;7,51;-0,02
Tmem120a;2,81;37,05;58,41;33,72;60,15;4,04;0,02
Tmem132c;0,81;4,17;6,1;2,25;7,09;2,52;0,13
Tmem141;0;1,73;0,83;1,34;0,9;3,79;0,18
Tmem150c;0;1,76;1,74;2,73;2,71;4,21;-0,61
Tmem160;0;8,4;11,37;1,36;6,08;6,64;1,39
Tmem177;0;2,4;0,95;4,16;1,17;4,15;-0,63
Tmem184c;6,41;29,19;51,51;28,97;38,37;2,63;0,26
Tmem189;1,22;8,71;9,71;6,87;4,96;2,82;0,63
Tmem190;0;1,07;1,17;2,21;2,5;3,61;-1,01
Tmem191c;0,1;0,74;1,97;0,94;2,24;2,87;-0,22
Tmem208;0,73;7,9;19,73;11,06;23,28;4,06;-0,31
Tmem215;0;1,7;3,94;1,96;1,57;4,87;0,64
Tmem37;0,07;11,86;4,37;10,03;4,99;5,57;0,11
Tmem56;0,65;3,94;6,6;6,67;4,44;2,83;-0,07
Tmem79;0,11;10,19;16,24;10,06;16,86;5,98;-0,03
Tmem85;8,39;41,3;105,89;58,81;100,05;3,12;-0,11
Tmem86a;0,04;1,7;0,34;1,04;0,96;3,03;0,03
Tmem92;0,78;35,45;57,79;38,14;50,15;5,73;0,08
Tmigd1;0,15;1,79;2,63;3,55;1,26;3,19;-0,12
Tmppe;0,33;3,04;1,4;2,83;2,38;2,44;-0,22
Tmsb15a;0;2,96;5,94;4,84;6,52;5,51;-0,35
Tmsb15b1;0;6,25;27,36;10,81;25,38;7,4;-0,11
Tmsb15b2;0,55;3,3;5,69;3,07;2,1;2,81;0,78
Tmsb4x;2,57;20,51;65,32;23,15;75,61;4,01;-0,2
Tmx1;1;5,71;8,86;6,93;6,25;2,75;0,14
Tmx3;0,76;5,35;9,09;5,51;8,04;3,09;0,09
Tnfaip6;0;4,78;5,17;4,32;2,51;5,66;0,53
Tnfaip8l1;0;2,65;0,18;1,26;0,3;3,93;0,79
Tnfaip8l2;0;22,38;28,29;21,2;18,85;7,99;0,34
Tnfrsf10b;0,16;2,24;1,96;2,57;1,8;3,09;-0,06
Tnfrsf12a;0,27;46,45;77,43;48,25;84,95;7,38;-0,1
Tnfrsf13b;0,11;10,98;8,98;11,09;15,92;5,59;-0,43
Tnfrsf17;0,1;3,01;4,91;3,39;5,24;4,36;-0,12
Tnfrsf23;0,15;1,29;1,61;1,81;1,57;2,62;-0,21
Tnfrsf9;0,03;2;0,11;3,14;0,64;3,11;-0,79
Tnip2;0,03;5,16;8,29;4,65;5,4;5,68;0,42
Tnk1;0,1;1,45;0,9;0,69;0,46;2,69;0,9
Tnnc2;0,12;9,28;8,05;9,46;8,38;5,3;-0,04
Tnni2;0;1,36;1,27;0,95;0,51;3,83;0,77
Tnp1;0,28;2,69;1,14;1,02;1,1;2,42;0,79
Tnpo3;1,78;19,75;30,16;23,08;36,24;3,74;-0,25
Tob1;1,33;15,43;16,12;20,5;15,66;3,47;-0,2
Tomm20;0,29;10,38;45,44;15,96;37,65;6,15;0,06
Tomm5;0,28;112,77;167,36;125,23;175,13;8,54;-0,1
Tomm6;10,26;26,15;106,51;30,34;81,08;2,68;0,25
Tor1aip2;1,45;16,63;75,56;17,54;49,08;4,89;0,47
Tor1b;0,84;15,64;17,71;14,51;19,78;4,15;-0,04
Tor3a;0,02;6,09;2,25;1,51;1,12;5,16;1,6
Tox4;2,48;17,48;39,57;10,76;28,58;3,47;0,53
Tpbpb;0;4,25;3,3;1,13;1,87;5,27;1,27
Tpo;0,17;1,66;9,69;2,69;5,48;4,41;0,46
Tra2a;1,02;9,95;20,62;11,34;16;3,79;0,16
Traf2;0,08;4,34;3,87;3,17;2,35;4,51;0,55
Trap1a;0,18;12,57;23,4;9,56;11,48;6;0,77
Trib3;0,35;8,51;7,28;9,52;9,54;4,15;-0,27
Trim25;0,01;1,76;1,57;1,84;2,01;4;-0,19
Trim43a;0,22;88,67;232,76;80,16;156,32;8,99;0,44
Trim43b;0,2;123,63;284,06;121,16;209,75;9,41;0,3
Trim43c;0,4;40,87;115,05;41,68;70,17;7,3;0,48
Trim54;0,13;1,53;0,95;1,34;0,79;2,52;0,2
Trim7;0;1,6;0,67;0,86;0,5;3,62;0,66
Trim8;0,17;2,75;1,14;2,72;0,82;2,9;0,13
Triml2;0,14;6,45;13,44;5,77;15,05;5,39;-0,07
Trmt61b;0,03;7,93;14,98;12,14;15,82;6,53;-0,28
Trp53bp2;0,06;2,29;1,47;1,9;0,68;3,66;0,51
Trpm3;0,05;0,72;2,86;0,6;1,87;3,68;0,5
Trpt1;0,54;9,27;13,85;7,23;7,9;4,19;0,6
Trpv2;0,35;2,59;2,41;3,19;2,15;2,54;-0,09
Trub2;0,37;5,85;9,21;5,96;5,3;4,01;0,41
Try4;0,6;1,88;5,18;1,55;3,17;2,37;0,56
Tsc22d3;0,03;10,98;10,44;10,51;15,42;6,34;-0,27
Tsen2;0,64;5,15;10,48;5,36;20,6;3,42;-0,72
Tsen34;0,2;3,39;5,7;3,74;2,78;3,94;0,47
Tsga8;0;2,25;8,91;0,45;5,07;5,83;0,99
Tslp;1,08;13,89;18,31;9,69;10,28;3,78;0,68
Tspan4;0;2,29;3,56;1,69;3,14;4,92;0,27
Tspan6;0,08;4,28;4,01;4,95;4,34;4,59;-0,16
Tspan8;1,21;4,25;10,19;3,77;7,07;2,49;0,41
Tsr1;3,34;16,61;18,29;21,27;17,97;2,35;-0,17
Tsx;0;21,84;41,79;25,73;26,65;8,32;0,28
Ttc14;0,44;3,67;5,8;4,98;5,7;3,16;-0,17
Ttc26;0,34;2,74;4,08;3,43;2,88;2,99;0,11
Ttc30b;1,32;15,5;12,33;11,99;8,03;3,3;0,47
U2af1;25,96;112,82;443,75;129,1;355,14;3,42;0,2
U90926;0;1,57;1,09;1,4;2,45;3,84;-0,5
Uap1;8,38;29;70,83;26,37;52,77;2,56;0,33
Uap1l1;0,16;3,21;2,15;3,41;3,5;3,43;-0,36
Uba52;12,35;181,18;664,26;237,96;754,8;5,09;-0,23
Ubc;4,19;30,87;33,96;29,7;35,7;2,92;-0,01
Ube2dnl;0;0,91;9,46;6,19;6,03;5,73;-0,23
Ubtd2;1,29;6,57;13,6;7,63;13,26;2,88;-0,05
Ubtf;3,7;24,19;21,48;21,84;17,76;2,59;0,21
Ubtfl1;0;43;76,5;57,57;65,98;9,23;-0,05
Ubxn1;15,95;89,99;152,37;104,81;207,03;2,92;-0,36
Uhrf2;0,23;3,14;7,22;3,41;7,02;4;-0,01
Unc119;0,27;2,14;1,58;2,1;1,58;2,39;0,01
Unc119b;0,14;5,17;12,67;4,86;14,14;5,25;-0,09
Unc45a;0,02;1,25;1,06;1,16;0,74;3,39;0,25
Upk3a;0;9,74;2,86;10,38;4,03;6;-0,19
Upp1;1,46;13,49;23;8,48;16,55;3,55;0,54
Uqcrc1;0,93;6,18;8,64;11,35;8,41;2,86;-0,41
Urm1;0,24;1,18;2,89;0,98;2,29;2,64;0,31
Usp-ps;0,39;6,36;8,53;5,38;5,5;3,96;0,44
Usp17l5;2,65;69,85;104,31;48,76;75,7;4,99;0,48
Usp25;0,21;2,24;3,59;2,52;3,09;3,28;0,05
Usp50;0,38;7,32;15,65;9,8;12,71;4,59;0,03
Usp9y;0;1,02;2,59;0,89;1,35;4,26;0,65
Uspl1;5,57;28,79;52,26;29,22;48,11;2,84;0,07
Utf1;0;4,59;1,93;5,42;2,64;5,07;-0,3
Utp14b;4,02;46,44;69,36;52,95;60,58;3,82;0,03
Uty;0;1,79;3,59;1,94;3,27;4,8;0,04
Vax2;0,23;2,37;1,75;0,46;0,46;2,71;1,95
Vegfa;0;1,12;1,86;0,85;1,45;3,99;0,35
Vhl;0,4;4,48;8,03;6,56;11,94;3,68;-0,56
Vmn1r227;0;1,08;4,91;0,37;2,78;4,95;0,88
Vmn1r88;0,24;2,5;10,12;3,8;5,75;4,24;0,4
Vmn2r1;0,32;2,92;9,58;2,22;6,09;3,9;0,58
Vmn2r28;0;0,73;1,48;0,87;0,99;3,6;0,23
Vmn2r94;0;1,66;5,92;1,8;5,22;5,28;0,11
Vmo1;0;0,77;1,79;1,88;1,27;3,79;-0,28
Was;0;1,07;0,97;1,05;0,59;3,49;0,28
Wbp5;0,8;5,51;3,95;7,39;5,7;2,42;-0,46
Wdr16;0,09;2,1;3,9;1,04;4,03;4,04;0,24
Wdr18;0,36;4,16;5,95;5,11;8,49;3,48;-0,42
Wdr4;0;1,85;1,94;1,1;2,07;4,31;0,24
Wdr45;0,91;9,69;23,66;11,13;22,5;4,06;-0,01
Wdr45l;1,32;12,34;21,99;13,32;21,27;3,6;-0,01
Wdr64;0,05;0,88;2,11;0,96;3,48;3,42;-0,55
Wdr74;3,25;26,43;43,1;30,8;40,73;3,38;-0,04
Wdr77;0,05;12,25;32,37;13,18;42,17;7,2;-0,31
Wdyhv1;0,63;6,84;17,85;6,79;24,83;4,09;-0,35
Wipi2;1,89;10,94;38,04;10,77;41,65;3,63;-0,1
Wrap53;0,03;10,18;23,74;7,09;11,62;6,98;0,85
Wsb1;11,34;46,64;98,09;46,92;94,79;2,66;0,03
Wwtr1;0,24;1,54;6,05;1,92;6,59;3,53;-0,16
Xpnpep1;0,96;14,98;32,28;13,63;29,78;4,48;0,12
Xpot;0,13;2,24;1,49;2,09;1,71;3,09;-0,02
Xylb;0,92;4,76;7,03;6;8,55;2,56;-0,3
Yars;0,04;4,9;4,03;5,37;4,01;4,99;-0,07
Ydjc;0,11;0,79;2,35;1,32;2,41;3,02;-0,24
Yeats2;0,3;2,45;1,87;2,17;1,7;2,51;0,15
Yy1;1,8;40,44;48,58;37,19;38,36;4,55;0,24
Yy2;9,27;26,1;124,75;35,56;127,16;3,01;-0,11
Zbed6;0,05;3,49;4,42;3,04;4,61;4,77;0,05
Zbtb43;1,17;7,31;7,61;7,06;7,44;2,58;0,04
Zbtb5;0,18;9,58;14,63;10,29;10,82;5,42;0,2
Zbtb8a;0;8,36;9,86;8,81;10,02;6,53;-0,05
Zbtb8os;2,5;21,07;32,26;34,2;27,2;3,37;-0,2
Zc3h12a;0;2;2,65;1,84;3,49;4,6;-0,19
Zc3h7a;0,26;3,79;2,65;1,5;2,06;3,21;0,82
Zc3hc1;0,22;30,51;59,29;31,88;49,17;7,16;0,15
Zcchc11;0,15;5,63;4,73;6,57;3,68;4,4;0,02
Zcchc13;0;2,84;3,11;3,49;4,96;4,94;-0,49
Zfp1;0,78;10,12;21,36;12,59;28,23;4,17;-0,37
Zfp105;0,36;7,45;0,91;4,93;0,94;3,22;0,49
Zfp239;0,02;6,67;5,19;8,8;2,94;5,62;0,01
Zfp259;1,06;11,82;18,99;9,7;18,46;3,74;0,13
Zfp280c;0,05;7,48;12,43;8,65;8,9;6,08;0,18
Zfp292;0,25;1,76;2,66;2,22;3,35;2,74;-0,32
Zfp30;0,12;11,22;5,07;10,72;5,12;5,21;0,04
Zfp346;0,35;3,41;4,18;3,78;5,2;3,13;-0,24
Zfp352;0,6;62,61;206,66;71,23;138,79;7,59;0,36
Zfp367;0,27;6,14;7,31;3,77;2,89;4,21;0,99
Zfp386;0,97;15,39;26,13;9,22;18,62;4,28;0,57
Zfp42;0,11;14,1;13,49;11,99;10,86;6,04;0,27
Zfp52;0,02;4,52;4,37;4,04;2,42;5,25;0,45
Zfp53;0,14;3,6;2,48;3,77;2,67;3,69;-0,08
Zfp54;0,13;41,11;104,69;59,37;70,73;8,33;0,16
Zfp566;0,79;26,61;34,56;28,09;34,39;5,1;-0,03
Zfp572;0;1,89;0,54;1,46;0,92;3,72;0,03
Zfp599;0,12;38,34;41,31;18,01;16,21;7,49;1,21
Zfp617;1,01;10,42;4,7;11,29;6,3;2,79;-0,22
Zfp622;0;19,39;55,75;22,14;49,61;8,56;0,07
Zfp623;0,57;3,42;3,66;6,63;6;2,45;-0,82
Zfp637;0,07;7,44;9,78;6,23;8,06;5,71;0,26
Zfp647;0,03;2,5;5,25;3,55;6,15;4,94;-0,32
Zfp677;1,11;13,65;12,87;13,66;9,87;3,47;0,17
Zfp707;0,66;45,86;63,47;39,22;74,43;6,17;-0,06
Zfp719;0,12;5,67;1,23;4,37;1,69;4;0,18
Zfp775;0,41;2,8;4,45;3,09;3,46;2,87;0,14
Zfp800;0,29;15,82;13,42;14,78;10,94;5,25;0,18
Zfp809;2,25;33,25;145,47;42,85;108,43;5,25;0,24
Zfp810;0,43;2,39;3,31;5,44;2,46;2,49;-0,46
Zfp867;0,24;4,03;4,56;3,33;3,48;3,7;0,33
Zfp868;1,02;9,2;11,32;8,51;7,95;3,21;0,31
Zfp871;0,04;2,53;3,14;0,7;0,61;4,41;1,97
Zfp874b;0,08;6,62;5,14;7,84;3,55;5,04;0,04
Zfp882;0,04;1,95;2,63;1,53;1,47;4,06;0,58
Zfp9;0,22;1,41;2,11;2,32;0,88;2,53;0,13
Zfp941;0,02;2,15;1,02;0,65;0,53;3,86;1,28
Zfp948;0,71;29,01;34,41;37,41;29,85;5,29;-0,08
Zfp949;1,25;9,96;16,13;11,36;9,38;3,28;0,33
Zfp954;0,26;16,3;19,71;12,95;5,12;5,66;0,99
Zfx;0,18;5,6;9,77;9,79;9,37;4,78;-0,32
Zfy1;0;1,33;2,38;1,26;0,38;4,29;1,08
Zfy2;0,07;1,91;2,68;2,37;0,56;3,83;0,62
Zgpat;0,15;1,26;1,07;1,02;1,98;2,34;-0,33
Zic3;0,15;2,57;1,23;1,06;0,58;2,98;1,12
Znhit3;5,33;92,25;331,82;51,64;125,94;5,29;1,25
Znrd1;6,95;10,88;83,19;21,81;72,43;2,74;0
Zrsr1;0,71;7,47;10,1;9,31;8,27;3,45;0
Zscan4a;0,46;39,4;50,5;38,87;26,52;6,33;0,46
Zscan4b;0,19;4,87;7,53;4,67;3,54;4,44;0,58
Zscan4c;1,68;79,84;87,45;76,54;49,18;5,56;0,41
Zscan4d;4,12;68,62;115,16;87,12;93,69;4,45;0,02
Zscan4e;0,11;4,16;6,03;3,43;3,6;4,59;0,52
Zscan4f;2,72;106,04;136,5;102,05;66,97;5,43;0,52
Zscan5b;1,84;49,09;103,41;35,24;42,25;5,3;0,98
Zswim2;0,13;2,59;5,73;2,03;4,43;4,23;0,36
Zyg11a;0,06;1,54;1,21;1,04;1,45;3,23;0,12
Zyg11b;0,49;1,8;4,39;2,21;4,08;2,43;-0,03